Date,Nasdaq Val,SP500 Val,DowJones Val,Total
1977-09-02,100.83,97.45,872.31,1070.59
1977-09-09,100.91,96.37,857.04,1054.32
1977-09-16,100.74,96.48,856.81,1054.03
1977-09-23,99.57,95.04,839.14,1033.75
1977-09-30,100.85,96.53,847.11,1044.49
1977-10-07,101.62,95.97,840.35,1037.94
1977-10-14,99.05,93.56,821.64,1014.25
1977-10-21,98.54,92.32,808.3,999.16
1977-10-28,97.49,92.61,822.68,1012.78
1977-11-04,97.21,91.58,809.94,998.73
1977-11-11,100.94,95.98,845.89,1042.81
1977-11-18,102.22,95.33,835.76,1033.31
1977-11-25,104.33,96.69,844.42,1045.44
1977-12-02,104.1,94.67,823.98,1022.75
1977-12-09,103.57,93.65,815.23,1012.45
1977-12-16,104.05,93.4,815.32,1012.77
1977-12-23,103.94,94.69,829.87,1028.5
1977-12-30,105.05,95.1,831.17,1031.32
1978-01-06,101.66,91.62,793.49,986.77
1978-01-13,99.77,89.69,775.73,965.19
1978-01-20,100.63,89.89,776.94,967.46
1978-01-27,100.62,88.58,764.12,953.3199999999999
1978-02-03,102.22,89.62,770.96,962.8000000000001
1978-02-10,103.58,90.08,775.99,969.65
1978-02-17,102.25,87.96,752.69,942.9000000000001
1978-02-24,102.7,88.49,756.24,947.4300000000001
1978-03-03,101.95,87.45,747.31,936.7099999999999
1978-03-10,103.42,88.88,758.58,950.8800000000001
1978-03-17,104.94,90.2,768.71,963.85
1978-03-23,105.39,89.36,756.5,951.25
1978-03-31,106.2,89.21,757.36,952.77
1978-04-07,108.23,90.17,769.58,967.98
1978-04-14,111.29,92.92,795.13,999.34
1978-04-21,113.32,94.34,812.8,1020.4599999999999
1978-04-28,115.18,96.83,837.32,1049.33
1978-05-05,117.27,96.53,829.09,1042.89
1978-05-12,119.4,98.07,840.7,1058.17
1978-05-19,121.57,98.12,846.85,1066.54
1978-05-26,119.86,96.58,831.69,1048.13
1978-06-02,121.03,98.14,847.54,1066.71
1978-06-09,124.41,99.93,859.23,1083.57
1978-06-16,123.69,97.42,836.97,1058.08
1978-06-23,120.74,95.85,823.02,1039.61
1978-06-30,120.3,95.53,818.95,1034.78
1978-07-07,119.16,94.89,812.46,1026.51
1978-07-14,121.58,97.58,839.83,1058.99
1978-07-21,123.6,97.75,833.42,1054.77
1978-07-28,125.62,100.0,856.29,1081.9099999999999
1978-08-04,129.71,103.92,888.43,1122.06
1978-08-11,132.0,103.96,890.85,1126.81
1978-08-18,134.71,104.73,896.83,1136.27
1978-08-25,135.84,104.9,895.53,1136.27
1978-09-01,135.35,103.68,879.33,1118.3600000000001
1978-09-08,138.36,106.79,907.74,1152.89
1978-09-15,137.36,104.12,878.55,1120.03
1978-09-22,132.3,101.84,862.44,1096.5800000000002
1978-09-29,132.89,102.54,865.82,1101.25
1978-10-06,134.0,103.52,880.02,1117.54
1978-10-13,135.58,104.66,897.09,1137.33
1978-10-20,123.82,97.95,838.01,1059.78
1978-10-27,115.25,94.59,806.05,1015.89
1978-11-03,115.49,96.18,823.11,1034.78
1978-11-10,114.84,94.77,807.09,1016.7
1978-11-17,113.69,94.42,797.73,1005.84
1978-11-24,116.17,95.79,810.12,1022.08
1978-12-01,116.19,96.28,811.5,1023.97
1978-12-08,118.77,96.63,811.85,1027.25
1978-12-15,117.41,95.33,805.35,1018.09
1978-12-22,116.93,96.31,808.47,1021.71
1978-12-29,117.98,96.11,805.01,1019.1
1979-01-05,122.05,99.13,830.73,1051.91
1979-01-12,123.74,99.93,836.28,1059.95
1979-01-19,124.65,99.75,837.49,1061.89
1979-01-26,127.04,101.86,859.75,1088.65
1979-02-02,125.82,99.5,834.63,1059.95
1979-02-09,123.76,97.87,822.23,1043.8600000000001
1979-02-16,125.57,98.67,827.01,1051.25
1979-02-23,125.04,97.78,823.28,1046.1
1979-03-02,123.67,96.97,815.75,1036.3899999999999
1979-03-09,127.25,99.54,842.86,1069.65
1979-03-16,128.55,100.69,852.82,1082.06
1979-03-23,130.58,101.6,859.75,1091.93
1979-03-30,131.76,101.59,862.18,1095.53
1979-04-06,133.75,103.18,875.69,1112.6200000000001
1979-04-12,133.54,102.0,870.5,1106.04
1979-04-20,133.67,101.23,856.98,1091.88
1979-04-27,134.37,101.8,856.64,1092.81
1979-05-04,133.72,100.69,847.54,1081.95
1979-05-11,129.69,98.52,830.56,1058.77
1979-05-18,131.01,99.93,841.91,1072.85
1979-05-25,132.68,100.22,836.28,1069.18
1979-06-01,131.76,99.17,821.21,1052.14
1979-06-08,134.96,101.49,835.15,1071.6
1979-06-15,136.25,102.09,843.3,1081.6399999999999
1979-06-22,137.24,102.64,849.1,1088.98
1979-06-29,138.13,102.91,841.98,1083.02
1979-07-06,138.64,103.62,846.16,1088.42
1979-07-13,138.52,102.32,833.53,1074.37
1979-07-20,137.98,101.82,828.07,1067.8700000000001
1979-07-27,140.02,103.1,839.76,1082.88
1979-08-03,142.63,104.04,846.16,1092.83
1979-08-10,145.07,106.4,867.06,1118.53
1979-08-17,147.84,108.3,883.36,1139.5
1979-08-24,149.4,108.6,880.2,1138.2
1979-08-31,150.44,109.32,887.63,1147.3899999999999
1979-09-07,148.07,107.66,874.15,1129.8799999999999
1979-09-14,150.56,108.76,879.1,1138.42
1979-09-21,150.65,110.47,893.94,1155.06
1979-09-28,149.98,109.32,878.58,1137.88
1979-10-05,152.29,111.27,897.61,1161.17
1979-10-12,140.71,104.49,838.99,1084.19
1979-10-19,136.59,101.6,814.68,1052.87
1979-10-26,133.75,100.57,809.3,1043.62
1979-11-02,136.88,102.51,818.94,1058.33
1979-11-09,135.86,101.51,806.48,1043.85
1979-11-16,139.07,103.79,815.7,1058.56
1979-11-23,139.85,104.67,811.77,1056.29
1979-11-30,144.26,106.16,822.35,1072.77
1979-12-07,147.49,107.52,833.19,1088.2
1979-12-14,150.03,108.92,842.75,1101.7
1979-12-21,150.17,107.59,838.91,1096.67
1979-12-28,150.83,107.84,838.91,1097.58
1980-01-04,148.02,106.52,828.84,1083.38
1980-01-11,153.87,109.92,858.53,1122.32
1980-01-18,156.14,111.07,867.15,1134.36
1980-01-25,159.7,113.61,876.11,1149.42
1980-02-01,162.3,115.12,881.48,1158.9
1980-02-08,165.25,117.95,895.73,1178.93
1980-02-15,162.56,115.41,884.98,1162.95
1980-02-22,160.08,115.04,868.77,1143.8899999999999
1980-02-29,158.03,113.66,863.14,1134.83
1980-03-07,146.19,106.9,820.56,1073.6499999999999
1980-03-14,144.44,105.43,811.69,1061.56
1980-03-21,138.8,102.31,785.15,1026.26
1980-03-28,129.25,100.68,777.65,1007.5799999999999
1980-04-03,136.01,102.15,784.13,1022.29
1980-04-11,137.75,103.79,791.55,1033.09
1980-04-18,134.66,100.55,763.4,998.6099999999999
1980-04-25,137.92,105.16,803.58,1046.66
1980-05-02,140.25,105.58,810.92,1056.75
1980-05-09,143.06,104.72,805.8,1053.58
1980-05-16,147.24,107.35,826.88,1081.47
1980-05-23,149.48,110.62,854.1,1114.2
1980-05-30,150.45,111.24,850.85,1112.54
1980-06-06,152.68,113.2,861.52,1127.4
1980-06-13,156.59,115.81,876.37,1148.77
1980-06-20,156.51,114.06,869.71,1140.28
1980-06-27,159.18,116.0,881.83,1157.01
1980-07-03,160.87,117.46,888.91,1167.24
1980-07-11,164.82,117.84,891.13,1173.79
1980-07-18,169.99,122.04,923.98,1216.01
1980-07-25,169.63,120.78,918.09,1208.5
1980-08-01,172.49,121.21,931.48,1225.18
1980-08-08,175.88,123.61,954.69,1254.18
1980-08-15,179.89,125.72,966.72,1272.33
1980-08-22,181.7,126.02,958.19,1265.91
1980-08-29,181.52,122.38,932.59,1236.49
1980-09-05,185.61,124.88,940.96,1251.45
1980-09-12,189.58,125.54,936.52,1251.6399999999999
1980-09-19,195.33,129.25,963.74,1288.3200000000002
1980-09-26,190.77,126.35,940.1,1257.22
1980-10-03,193.43,129.33,950.68,1273.44
1980-10-10,197.79,130.29,950.68,1278.76
1980-10-17,197.24,131.52,956.14,1284.9
1980-10-24,196.17,129.85,943.6,1269.62
1980-10-31,192.78,127.47,924.49,1244.74
1980-11-07,193.51,129.18,932.42,1255.11
1980-11-14,201.76,137.15,986.35,1325.26
1980-11-21,206.07,139.11,989.93,1335.11
1980-11-28,208.15,140.52,993.34,1342.01
1980-12-05,203.02,134.03,956.23,1293.28
1980-12-12,191.22,129.23,917.15,1237.6
1980-12-19,197.91,133.7,937.2,1268.81
1980-12-26,201.28,136.57,966.38,1304.23
1981-01-02,203.55,136.34,972.78,1312.67
1981-01-09,197.66,133.48,968.69,1299.83
1981-01-16,201.13,134.77,973.29,1309.19
1981-01-23,197.52,130.23,940.19,1267.94
1981-01-30,197.81,129.55,947.27,1274.63
1981-02-06,197.87,130.6,952.3,1280.77
1981-02-13,193.89,126.98,931.57,1252.44
1981-02-20,192.29,126.58,936.09,1254.96
1981-02-27,198.01,131.27,974.58,1303.8600000000001
1981-03-06,199.89,129.85,964.62,1294.3600000000001
1981-03-13,202.17,133.11,985.77,1321.05
1981-03-20,206.29,134.08,992.8,1333.17
1981-03-27,208.82,134.65,994.78,1338.25
1981-04-03,212.65,135.49,1007.11,1355.25
1981-04-10,215.15,134.51,1000.27,1349.9299999999998
1981-04-16,216.64,134.7,1005.58,1356.92
1981-04-24,219.56,135.14,1020.35,1375.05
1981-05-01,216.68,132.72,995.59,1344.99
1981-05-08,214.84,131.66,976.4,1322.9
1981-05-15,216.51,132.17,985.95,1334.63
1981-05-22,219.23,131.33,971.72,1322.28
1981-05-29,223.47,132.59,991.75,1347.81
1981-06-05,221.3,132.22,993.79,1347.31
1981-06-12,222.76,133.49,1006.28,1362.53
1981-06-19,219.56,132.27,996.19,1348.02
1981-06-26,219.76,132.56,992.87,1345.19
1981-07-02,212.8,128.64,959.19,1300.63
1981-07-10,210.54,129.37,955.67,1295.58
1981-07-17,212.76,130.76,958.9,1302.42
1981-07-24,208.0,128.46,936.74,1273.2
1981-07-31,211.63,130.92,952.34,1294.8899999999999
1981-08-07,211.36,131.75,942.54,1285.65
1981-08-14,212.12,132.49,936.93,1281.54
1981-08-21,206.76,129.23,920.57,1256.56
1981-08-28,197.55,124.08,892.22,1213.85
1981-09-04,189.63,120.07,861.68,1171.3799999999999
1981-09-11,189.81,121.61,872.81,1184.23
1981-09-18,184.27,116.26,836.19,1136.72
1981-09-25,175.12,112.77,824.01,1111.9
1981-10-02,184.37,119.36,860.73,1164.46
1981-10-09,191.27,121.45,873.0,1185.72
1981-10-16,190.24,119.19,851.69,1161.1200000000001
1981-10-23,191.91,118.6,837.99,1148.5
1981-10-30,195.24,121.89,852.55,1169.6799999999998
1981-11-06,199.97,122.67,852.45,1175.0900000000001
1981-11-13,200.16,121.67,855.88,1177.71
1981-11-20,198.6,121.71,852.93,1173.24
1981-11-27,201.02,125.09,885.94,1212.0500000000002
1981-12-04,200.88,126.26,892.69,1219.83
1981-12-11,198.64,124.93,886.51,1210.08
1981-12-18,197.01,124.0,875.76,1196.77
1981-12-24,195.7,122.54,873.38,1191.62
1981-12-31,195.84,122.55,875.0,1193.3899999999999
1982-01-08,192.05,119.55,866.53,1178.13
1982-01-15,187.32,116.33,847.6,1151.25
1982-01-22,185.83,115.38,845.03,1146.24
1982-01-29,188.39,120.4,871.1,1179.8899999999999
1982-02-05,188.21,117.26,851.03,1156.5
1982-02-12,182.52,114.38,833.81,1130.71
1982-02-19,180.65,113.22,824.3,1118.17
1982-02-26,179.43,113.11,824.39,1116.93
1982-03-05,173.97,109.34,807.36,1090.67
1982-03-12,168.23,108.61,797.37,1074.21
1982-03-19,171.76,110.61,805.65,1088.02
1982-03-26,175.2,111.94,817.92,1105.06
1982-04-02,178.56,115.12,838.57,1132.25
1982-04-08,181.15,116.22,842.94,1140.31
1982-04-16,182.25,116.81,843.42,1142.48
1982-04-23,184.93,118.64,862.16,1165.73
1982-04-30,184.7,116.44,848.36,1149.5
1982-05-07,188.13,119.47,869.2,1176.8000000000002
1982-05-14,188.22,118.01,857.78,1164.01
1982-05-21,182.4,114.89,835.9,1133.19
1982-05-28,178.54,111.88,819.54,1109.96
1982-06-04,174.82,110.09,804.98,1089.8899999999999
1982-06-11,173.55,111.24,809.74,1094.53
1982-06-18,168.5,107.28,788.62,1064.4
1982-06-25,170.48,109.14,803.08,1082.7
1982-07-02,170.05,107.65,796.99,1074.69
1982-07-09,168.07,108.83,814.12,1091.02
1982-07-16,170.18,111.07,828.67,1109.92
1982-07-23,172.11,111.17,830.57,1113.8500000000001
1982-07-30,167.35,107.09,808.6,1083.04
1982-08-06,163.59,103.71,784.34,1051.64
1982-08-13,159.14,103.85,788.05,1051.04
1982-08-20,166.96,113.02,869.29,1149.27
1982-08-27,177.6,117.11,883.47,1178.18
1982-09-03,182.05,122.68,925.13,1229.8600000000001
1982-09-10,182.47,120.97,906.82,1210.26
1982-09-17,186.61,122.55,916.94,1226.1000000000001
1982-09-24,188.61,123.32,919.52,1231.45
1982-10-01,188.7,121.97,907.74,1218.4099999999999
1982-10-08,198.89,131.05,986.85,1316.79
1982-10-15,204.46,133.57,993.1,1331.13
1982-10-22,215.29,138.83,1031.46,1385.58
1982-10-29,212.63,133.72,991.72,1338.0700000000002
1982-11-05,227.03,142.16,1051.78,1420.97
1982-11-12,232.61,139.53,1039.92,1412.06
1982-11-19,229.41,137.02,1021.25,1387.68
1982-11-26,228.64,134.88,1007.36,1370.88
1982-12-03,237.16,138.69,1031.36,1407.21
1982-12-10,233.85,139.57,1018.76,1392.1799999999998
1982-12-17,228.93,137.49,1011.5,1377.92
1982-12-23,232.33,139.72,1045.07,1417.12
1982-12-31,232.41,140.64,1046.54,1419.59
1983-01-07,238.6,145.18,1076.07,1459.85
1983-01-14,245.63,146.65,1080.85,1473.1299999999999
1983-01-21,243.97,143.85,1052.98,1440.8
1983-01-28,246.93,144.51,1064.75,1456.19
1983-02-04,251.65,146.14,1077.91,1475.7
1983-02-11,256.64,147.65,1086.5,1490.79
1983-02-18,261.29,148.0,1092.82,1502.11
1983-02-25,262.44,149.74,1120.94,1533.1200000000001
1983-03-04,265.94,153.67,1140.96,1560.5700000000002
1983-03-11,266.18,151.24,1117.74,1535.16
1983-03-18,265.01,149.9,1117.74,1532.65
1983-03-25,270.89,152.67,1140.09,1563.6499999999999
1983-03-31,270.8,152.96,1130.03,1553.79
1983-04-08,268.1,152.85,1124.71,1545.66
1983-04-15,281.6,158.75,1171.34,1611.69
1983-04-22,288.55,160.42,1196.3,1645.27
1983-04-29,293.06,164.43,1226.2,1683.69
1983-05-06,301.64,166.1,1232.59,1700.33
1983-05-13,303.94,164.91,1218.75,1687.6
1983-05-20,303.56,162.14,1190.02,1655.72
1983-05-27,312.05,164.46,1216.14,1692.65
1983-06-03,313.85,164.42,1213.04,1691.31
1983-06-10,315.24,162.68,1196.11,1674.03
1983-06-17,326.11,169.13,1242.19,1737.43
1983-06-24,328.91,170.41,1241.69,1741.0100000000002
1983-07-01,321.58,168.64,1225.26,1715.48
1983-07-08,319.57,167.08,1207.23,1693.88
1983-07-15,312.87,164.29,1192.31,1669.4699999999998
1983-07-22,320.71,168.89,1231.17,1720.77
1983-07-29,303.96,162.56,1199.22,1665.74
1983-08-05,300.2,161.74,1183.29,1645.23
1983-08-12,299.58,162.16,1182.83,1644.57
1983-08-19,299.1,163.98,1194.21,1657.29
1983-08-26,290.31,162.14,1192.07,1644.52
1983-09-02,297.85,165.0,1215.45,1678.3000000000002
1983-09-09,302.23,166.92,1239.74,1708.8899999999999
1983-09-16,298.27,166.25,1225.71,1690.23
1983-09-23,303.61,169.51,1255.59,1728.71
1983-09-30,296.65,166.07,1233.13,1695.8500000000001
1983-10-07,297.36,170.8,1272.15,1740.3100000000002
1983-10-14,289.65,169.86,1263.52,1723.03
1983-10-21,279.49,165.95,1248.88,1694.3200000000002
1983-10-28,276.14,163.37,1223.48,1662.99
1983-11-04,273.17,162.44,1218.29,1653.9
1983-11-11,277.13,166.29,1250.2,1693.62
1983-11-18,281.28,165.09,1251.02,1697.3899999999999
1983-11-25,285.49,167.18,1277.44,1730.1100000000001
1983-12-02,283.91,165.44,1265.24,1714.5900000000001
1983-12-09,280.51,165.08,1260.06,1705.65
1983-12-16,276.01,162.39,1242.17,1680.5700000000002
1983-12-23,276.54,163.22,1250.51,1690.27
1983-12-30,278.6,164.93,1258.64,1702.17
1984-01-06,287.9,169.28,1286.64,1743.8200000000002
1984-01-13,286.85,167.02,1270.1,1723.9699999999998
1984-01-20,284.41,166.21,1259.11,1709.73
1984-01-27,273.18,163.94,1230.0,1667.12
1984-02-03,264.01,160.91,1197.03,1621.9499999999998
1984-02-10,254.04,156.3,1160.7,1571.04
1984-02-17,251.33,155.74,1148.87,1555.94
1984-02-24,251.44,157.51,1165.1,1574.05
1984-03-02,255.54,159.24,1171.48,1586.26
1984-03-09,249.01,154.35,1139.76,1543.12
1984-03-16,253.37,159.27,1184.36,1597.0
1984-03-23,249.98,156.86,1154.84,1561.6799999999998
1984-03-30,250.78,159.18,1164.89,1574.8500000000001
1984-04-06,243.94,155.48,1132.22,1531.6399999999999
1984-04-13,244.01,157.31,1150.13,1551.45
1984-04-19,245.35,158.02,1158.08,1561.4499999999998
1984-04-27,246.9,159.89,1169.07,1575.86
1984-05-04,250.89,159.11,1165.31,1575.31
1984-05-11,250.57,158.49,1157.14,1566.2
1984-05-18,244.61,155.78,1133.79,1534.1799999999998
1984-05-25,235.23,151.62,1107.1,1493.9499999999998
1984-06-01,235.9,153.24,1124.35,1513.4899999999998
1984-06-08,240.35,155.17,1131.25,1526.77
1984-06-15,235.64,149.03,1086.9,1471.5700000000002
1984-06-22,241.11,154.46,1131.07,1526.6399999999999
1984-06-29,239.65,153.18,1132.4,1525.23
1984-07-06,236.72,152.24,1122.57,1511.53
1984-07-13,234.67,150.88,1109.87,1495.4199999999998
1984-07-20,229.37,149.55,1101.37,1480.29
1984-07-27,229.3,151.19,1114.62,1495.11
1984-08-03,246.24,162.35,1202.08,1610.67
1984-08-10,252.43,165.42,1218.09,1635.94
1984-08-17,250.37,164.14,1211.9,1626.41
1984-08-24,254.78,167.51,1236.53,1658.82
1984-08-31,254.64,166.68,1224.38,1645.7
1984-09-07,251.68,164.37,1207.38,1623.43
1984-09-14,255.6,168.78,1237.52,1661.9
1984-09-21,252.68,165.67,1201.74,1620.0900000000001
1984-09-28,249.94,166.1,1206.71,1622.75
1984-10-05,245.46,162.68,1182.53,1590.67
1984-10-12,246.2,164.18,1190.7,1601.08
1984-10-19,251.2,167.96,1225.93,1645.0900000000001
1984-10-26,247.4,165.29,1204.95,1617.64
1984-11-02,248.0,167.42,1216.65,1632.0700000000002
1984-11-09,249.5,167.6,1218.97,1636.0700000000002
1984-11-16,245.1,164.1,1187.94,1597.14
1984-11-23,245.3,166.92,1220.3,1632.52
1984-11-30,242.4,163.58,1188.94,1594.92
1984-12-07,239.3,162.26,1163.21,1564.77
1984-12-14,239.0,162.69,1175.91,1577.6000000000001
1984-12-21,244.8,165.51,1198.98,1609.29
1984-12-28,245.9,166.26,1204.17,1616.33
1985-01-04,246.1,163.68,1184.96,1594.74
1985-01-11,252.2,167.91,1218.09,1638.1999999999998
1985-01-18,263.1,171.32,1227.36,1661.78
1985-01-25,274.0,177.35,1276.06,1727.4099999999999
1985-02-01,278.4,178.63,1277.72,1734.75
1985-02-08,288.4,182.19,1289.97,1760.56
1985-02-15,287.7,181.6,1282.02,1751.32
1985-02-22,286.2,179.36,1275.84,1741.3999999999999
1985-03-01,287.2,183.23,1299.36,1769.79
1985-03-08,282.4,179.1,1269.66,1731.16
1985-03-15,278.0,176.53,1247.35,1701.8799999999999
1985-03-22,278.9,179.04,1267.45,1725.3899999999999
1985-03-29,279.2,180.66,1266.78,1726.6399999999999
1985-04-04,277.4,179.03,1259.05,1715.48
1985-04-12,280.6,180.54,1265.68,1726.8200000000002
1985-04-19,282.8,181.11,1266.56,1730.47
1985-04-26,284.1,182.18,1275.18,1741.46
1985-05-03,280.3,180.08,1247.24,1707.62
1985-05-10,287.5,184.28,1274.18,1745.96
1985-05-17,291.7,187.42,1285.34,1764.46
1985-05-24,292.1,188.29,1301.97,1782.3600000000001
1985-05-31,290.8,189.55,1315.41,1795.7600000000002
1985-06-07,291.0,189.68,1316.42,1797.1000000000001
1985-06-14,288.0,187.1,1300.96,1776.06
1985-06-21,288.7,189.61,1324.48,1802.79
1985-06-28,296.2,191.85,1335.46,1823.51
1985-07-05,298.6,192.52,1334.45,1825.5700000000002
1985-07-12,302.4,193.29,1338.6,1834.29
1985-07-19,307.8,195.13,1359.54,1862.47
1985-07-26,304.6,192.4,1357.08,1854.08
1985-08-02,304.5,191.48,1353.05,1849.03
1985-08-09,299.1,188.32,1320.79,1808.21
1985-08-16,296.5,186.1,1312.72,1795.3200000000002
1985-08-23,296.7,187.17,1318.32,1802.19
1985-08-30,297.7,188.63,1334.01,1820.34
1985-09-06,296.2,188.24,1335.69,1820.13
1985-09-13,287.2,182.91,1307.68,1777.79
1985-09-20,284.4,182.05,1297.94,1764.39
1985-09-26,280.2,181.29,1320.79,1782.28
1985-10-04,280.5,183.22,1328.74,1792.46
1985-10-11,281.8,184.28,1339.94,1806.02
1985-10-18,288.4,187.04,1368.84,1844.2799999999997
1985-10-25,289.5,187.52,1356.52,1833.54
1985-11-01,294.1,191.53,1390.25,1875.88
1985-11-08,300.0,193.72,1404.36,1898.08
1985-11-15,306.2,198.11,1435.09,1939.3999999999999
1985-11-22,310.8,201.52,1464.33,1976.65
1985-11-29,314.0,202.17,1472.13,1988.3000000000002
1985-12-06,316.6,202.99,1477.18,1996.77
1985-12-13,324.0,209.94,1535.21,2069.15
1985-12-20,323.1,210.94,1543.0,2077.04
1985-12-27,322.8,209.61,1543.0,2075.41
1986-01-03,325.7,210.88,1549.2,2085.7799999999997
1986-01-10,324.4,205.96,1513.53,2043.8899999999999
1986-01-17,330.7,208.43,1536.7,2075.83
1986-01-24,328.9,206.43,1529.93,2065.26
1986-01-31,335.8,211.78,1570.99,2118.57
1986-02-07,342.2,214.56,1613.42,2170.1800000000003
1986-02-14,350.2,219.76,1664.45,2234.41
1986-02-21,355.65,224.62,1697.71,2277.98
1986-02-28,359.5,226.92,1709.06,2295.48
1986-03-07,362.2,225.57,1699.83,2287.6
1986-03-14,371.8,236.55,1792.74,2401.09
1986-03-21,372.6,233.34,1768.56,2374.5
1986-03-27,373.3,238.97,1821.72,2433.99
1986-04-04,372.2,228.69,1739.22,2340.11
1986-04-11,378.9,235.97,1790.18,2405.05
1986-04-18,390.1,242.38,1840.4,2472.88
1986-04-25,392.3,242.29,1835.57,2470.16
1986-05-02,383.2,234.79,1774.68,2392.67
1986-05-09,389.1,237.85,1789.43,2416.38
1986-05-16,384.7,232.76,1759.8,2377.26
1986-05-23,391.9,241.35,1823.29,2456.54
1986-05-30,400.2,247.35,1876.71,2524.26
1986-06-06,400.3,245.67,1885.9,2531.87
1986-06-13,399.6,245.73,1874.19,2519.52
1986-06-20,396.9,247.58,1879.54,2524.02
1986-06-27,403.6,249.6,1885.26,2538.46
1986-07-03,411.2,251.79,1900.87,2563.8599999999997
1986-07-11,391.6,242.22,1821.43,2455.25
1986-07-18,381.1,236.36,1777.98,2395.44
1986-07-25,379.8,240.22,1810.04,2430.06
1986-08-01,370.7,234.91,1763.64,2369.25
1986-08-08,365.8,236.88,1782.62,2385.3
1986-08-15,380.2,247.15,1855.6,2482.95
1986-08-22,381.5,250.19,1887.8,2519.49
1986-08-29,382.9,252.93,1898.34,2534.17
1986-09-05,378.4,250.47,1899.75,2528.62
1986-09-12,346.8,230.67,1758.72,2336.19
1986-09-19,349.4,232.21,1762.65,2344.26
1986-09-26,351.6,232.23,1769.69,2353.52
1986-10-03,352.8,233.71,1774.18,2360.69
1986-10-10,353.5,235.48,1793.17,2382.15
1986-10-17,355.7,238.84,1837.04,2431.58
1986-10-24,356.7,238.26,1832.36,2427.3199999999997
1986-10-31,360.8,243.98,1877.71,2482.49
1986-11-07,361.0,245.77,1886.53,2493.3
1986-11-14,358.5,244.5,1873.59,2476.59
1986-11-21,354.7,245.86,1893.56,2494.12
1986-11-28,359.6,249.22,1914.23,2523.05
1986-12-05,363.0,251.17,1925.06,2539.23
1986-12-12,355.9,247.35,1912.26,2515.51
1986-12-19,352.2,249.73,1928.85,2530.7799999999997
1986-12-26,349.9,246.92,1930.4,2527.2200000000003
1987-01-02,353.2,246.45,1927.31,2526.96
1987-01-09,380.7,258.73,2005.91,2645.34
1987-01-16,389.9,266.28,2076.63,2732.81
1987-01-23,392.2,270.1,2101.52,2763.8199999999997
1987-01-30,392.1,274.08,2158.04,2824.2200000000003
1987-02-06,406.9,280.04,2186.87,2873.81
1987-02-13,412.5,279.7,2183.35,2875.55
1987-02-20,417.2,285.48,2235.24,2937.92
1987-02-27,425.0,284.2,2223.99,2933.1899999999996
1987-03-06,429.5,290.66,2280.23,3000.3900000000003
1987-03-13,432.0,289.89,2258.66,2980.5499999999997
1987-03-20,439.6,298.17,2333.52,3071.29
1987-03-27,436.6,296.13,2335.8,3068.53
1987-04-03,437.4,300.41,2390.34,3128.15
1987-04-10,430.9,292.49,2338.78,3062.17
1987-04-16,419.5,286.91,2275.99,2982.3999999999996
1987-04-24,412.6,281.52,2235.37,2929.49
1987-05-01,418.4,288.03,2280.4,2986.83
1987-05-08,423.2,293.37,2322.3,3038.87
1987-05-15,418.9,287.43,2272.52,2978.85
1987-05-22,407.4,282.16,2243.2,2932.7599999999998
1987-05-29,416.5,290.1,2291.57,2998.17
1987-06-05,417.8,293.45,2326.15,3037.4
1987-06-12,425.4,301.62,2377.73,3104.75
1987-06-19,429.1,306.97,2420.85,3156.92
1987-06-26,426.7,307.16,2436.86,3170.7200000000003
1987-07-02,425.9,305.63,2436.7,3168.2299999999996
1987-07-10,426.0,308.37,2455.99,3190.3599999999997
1987-07-17,434.1,314.59,2510.04,3258.73
1987-07-24,429.1,309.27,2485.33,3223.7
1987-07-31,434.9,318.66,2572.07,3325.63
1987-08-07,443.6,323.0,2592.0,3358.6
1987-08-14,451.6,333.99,2685.43,3471.02
1987-08-21,455.2,335.9,2709.5,3500.6
1987-08-28,453.3,327.04,2639.35,3419.69
1987-09-04,446.5,316.7,2561.38,3324.58
1987-09-11,446.2,321.98,2608.74,3376.92
1987-09-18,440.9,314.86,2524.64,3280.3999999999996
1987-09-25,441.9,320.16,2570.17,3332.23
1987-10-02,451.6,328.07,2640.99,3420.66
1987-10-09,438.4,311.07,2482.21,3231.6800000000003
1987-10-16,406.3,282.7,2246.73,2935.73
1987-10-23,328.5,248.22,1950.76,2527.48
1987-10-30,323.3,251.79,1993.53,2568.62
1987-11-06,326.4,250.41,1959.05,2535.8599999999997
1987-11-13,323.0,245.64,1935.01,2503.65
1987-11-20,312.5,242.0,1913.63,2468.13
1987-11-27,316.5,240.34,1910.48,2467.32
1987-12-04,292.9,223.92,1766.74,2283.56
1987-12-11,302.6,235.32,1867.04,2404.96
1987-12-18,326.9,249.16,1975.3,2551.3599999999997
1987-12-24,333.2,252.03,1999.67,2584.9
1987-12-31,330.5,247.08,1938.83,2516.41
1988-01-08,338.5,243.4,1911.31,2493.21
1988-01-15,340.1,252.05,1956.07,2548.2200000000003
1988-01-22,337.6,246.5,1903.51,2487.61
1988-01-29,344.7,257.07,1958.22,2559.99
1988-02-05,345.8,250.96,1910.48,2507.24
1988-02-12,353.3,257.63,1983.26,2594.19
1988-02-19,357.1,261.61,2014.59,2633.3
1988-02-26,363.4,262.46,2023.21,2649.0699999999997
1988-03-04,373.4,267.3,2057.86,2698.5600000000004
1988-03-11,375.5,264.94,2034.98,2675.42
1988-03-18,381.6,271.12,2087.37,2740.09
1988-03-25,372.5,258.51,1978.95,2609.96
1988-03-31,374.6,258.89,1988.06,2621.55
1988-04-08,381.8,269.43,2090.19,2741.42
1988-04-15,373.9,259.77,2013.93,2647.6
1988-04-22,374.0,260.14,2015.09,2649.23
1988-04-29,379.2,261.33,2032.33,2672.8599999999997
1988-05-06,379.4,257.48,2007.46,2644.34
1988-05-13,372.5,256.78,1990.55,2619.83
1988-05-20,366.0,253.02,1952.59,2571.6099999999997
1988-05-27,366.7,253.42,1956.44,2576.56
1988-06-03,376.9,266.45,2071.31,2714.66
1988-06-10,386.3,271.26,2101.71,2759.27
1988-06-17,386.9,270.68,2104.02,2761.6
1988-06-24,391.6,273.78,2142.96,2808.34
1988-07-01,394.7,271.78,2131.58,2798.06
1988-07-08,394.3,270.02,2106.15,2770.4700000000003
1988-07-15,395.0,272.05,2129.45,2796.5
1988-07-22,387.4,263.5,2060.99,2711.89
1988-07-29,387.3,272.02,2128.73,2788.05
1988-08-05,387.7,271.15,2119.13,2777.98
1988-08-12,379.0,262.55,2037.52,2679.0699999999997
1988-08-19,377.4,260.24,2016.0,2653.64
1988-08-26,374.4,259.68,2017.43,2651.51
1988-09-02,376.5,264.48,2054.59,2695.57
1988-09-09,381.6,266.84,2068.81,2717.25
1988-09-16,383.9,270.65,2098.15,2752.7
1988-09-23,385.0,269.76,2090.68,2745.4399999999996
1988-09-30,387.7,271.91,2112.91,2772.52
1988-10-07,385.7,278.07,2150.25,2814.02
1988-10-14,384.6,275.5,2133.18,2793.2799999999997
1988-10-21,388.6,283.66,2183.5,2855.76
1988-10-28,382.8,278.53,2149.89,2811.22
1988-11-04,381.0,276.31,2145.8,2803.11
1988-11-11,373.8,267.92,2067.03,2708.75
1988-11-18,367.6,266.47,2062.41,2696.48
1988-11-25,366.4,267.23,2074.68,2708.31
1988-12-02,373.9,271.81,2092.28,2737.9900000000002
1988-12-09,375.2,277.03,2143.49,2795.72
1988-12-16,375.8,276.29,2150.71,2802.8
1988-12-23,377.3,277.87,2168.93,2824.1
1988-12-30,381.4,277.72,2168.57,2827.69
1989-01-06,384.7,280.67,2194.29,2859.66
1989-01-13,387.1,283.87,2226.07,2897.04
1989-01-20,391.7,286.63,2235.36,2913.69
1989-01-27,398.0,293.82,2322.86,3014.6800000000003
1989-02-03,406.4,296.97,2331.25,3034.62
1989-02-10,402.4,292.02,2286.07,2980.4900000000002
1989-02-17,407.2,296.76,2324.82,3028.78
1989-02-24,400.0,287.13,2245.54,2932.67
1989-03-03,404.0,291.18,2274.29,2969.4700000000003
1989-03-10,405.9,292.88,2282.14,2980.92
1989-03-17,402.2,292.69,2292.14,2987.0299999999997
1989-03-23,400.9,288.98,2243.04,2932.92
1989-03-31,406.7,294.87,2293.62,2995.1899999999996
1989-04-07,410.7,297.16,2304.8,3012.6600000000003
1989-04-14,417.7,301.36,2337.06,3056.12
1989-04-21,423.8,309.61,2409.46,3142.87
1989-04-28,427.6,309.64,2418.8,3156.04
1989-05-05,430.7,307.61,2381.96,3120.27
1989-05-12,434.8,313.84,2439.7,3188.3399999999997
1989-05-19,442.1,321.24,2501.1,3264.44
1989-05-26,445.2,321.59,2493.77,3260.56
1989-06-02,451.6,325.52,2517.83,3294.95
1989-06-09,453.7,326.69,2513.42,3293.81
1989-06-16,447.2,321.35,2486.38,3254.9300000000003
1989-06-23,448.4,328.0,2531.87,3308.27
1989-06-30,435.3,317.98,2440.06,3193.34
1989-07-07,442.4,324.91,2487.86,3255.17
1989-07-14,448.9,331.84,2554.82,3335.5600000000004
1989-07-21,449.3,335.9,2607.36,3392.5600000000004
1989-07-28,452.8,342.15,2635.24,3430.1899999999996
1989-08-04,457.4,343.92,2653.45,3454.7699999999995
1989-08-11,462.5,344.74,2683.99,3491.2299999999996
1989-08-18,462.0,346.03,2687.97,3496.0
1989-08-25,466.8,350.52,2732.36,3549.6800000000003
1989-09-01,471.3,353.73,2752.09,3577.12
1989-09-08,471.3,348.76,2709.54,3529.6
1989-09-15,467.6,345.06,2674.58,3487.24
1989-09-22,468.1,347.05,2681.61,3496.76
1989-09-29,472.9,349.15,2692.82,3514.87
1989-10-06,483.6,358.78,2785.52,3627.9
1989-10-13,467.3,333.65,2569.26,3370.21
1989-10-20,470.7,347.16,2689.14,3507.0
1989-10-27,452.8,335.06,2596.72,3384.58
1989-11-03,453.0,337.62,2629.51,3420.13
1989-11-10,456.2,339.1,2625.61,3420.91
1989-11-17,456.7,341.61,2652.66,3450.97
1989-11-24,456.6,343.97,2675.55,3476.1200000000003
1989-12-01,457.1,350.63,2747.65,3555.38
1989-12-08,456.2,348.69,2731.44,3536.33
1989-12-15,443.8,350.14,2739.55,3533.4900000000002
1989-12-22,444.6,347.42,2711.39,3503.41
1989-12-29,454.8,353.4,2753.2,3561.3999999999996
1990-01-05,458.2,352.2,2773.25,3583.65
1990-01-12,439.7,339.93,2689.21,3468.84
1990-01-19,440.9,339.15,2677.9,3457.95
1990-01-26,421.3,325.8,2559.23,3306.33
1990-02-02,422.2,330.92,2602.7,3355.8199999999997
1990-02-09,428.8,333.62,2648.2,3410.62
1990-02-16,429.0,332.72,2635.59,3397.3100000000004
1990-02-23,419.5,324.15,2564.19,3307.84
1990-03-02,431.0,335.54,2660.36,3426.9
1990-03-09,436.8,337.93,2683.33,3458.06
1990-03-16,442.2,341.91,2741.22,3525.33
1990-03-23,437.3,337.22,2704.28,3478.8
1990-03-30,435.5,339.94,2707.21,3482.65
1990-04-06,430.9,340.08,2717.12,3488.1
1990-04-12,436.3,344.34,2751.8,3532.44
1990-04-20,425.8,335.12,2695.95,3456.87
1990-04-27,418.0,329.11,2645.05,3392.1600000000003
1990-05-04,428.6,338.39,2710.36,3477.3500000000004
1990-05-11,438.1,352.0,2801.58,3591.68
1990-05-18,448.3,354.64,2819.91,3622.85
1990-05-25,453.7,354.58,2820.92,3629.2
1990-06-01,462.1,363.16,2900.97,3726.2299999999996
1990-06-08,460.9,358.71,2862.38,3681.99
1990-06-15,467.6,362.91,2935.89,3766.3999999999996
1990-06-22,459.3,355.43,2857.18,3671.91
1990-06-29,462.3,358.02,2880.69,3701.01
1990-07-06,460.5,358.42,2904.95,3723.87
1990-07-13,468.4,367.31,2980.2,3815.91
1990-07-20,455.3,361.61,2961.14,3778.05
1990-07-27,442.6,353.44,2898.51,3694.55
1990-08-03,417.5,344.86,2809.65,3572.01
1990-08-10,408.0,335.52,2716.58,3460.1
1990-08-17,393.5,327.83,2644.8,3366.13
1990-08-24,367.3,311.51,2532.92,3211.73
1990-08-31,381.2,322.56,2614.36,3318.12
1990-09-07,380.4,323.4,2619.55,3323.3500000000004
1990-09-14,374.4,316.83,2564.11,3255.34
1990-09-21,362.3,311.32,2512.38,3186.0
1990-09-28,344.5,306.05,2452.48,3103.0299999999997
1990-10-05,347.4,311.5,2510.64,3169.54
1990-10-12,327.6,300.03,2398.02,3025.65
1990-10-19,337.4,312.48,2520.79,3170.67
1990-10-26,334.4,304.71,2436.14,3075.25
1990-11-02,336.5,311.85,2490.84,3139.19
1990-11-09,342.0,313.74,2488.61,3144.3500000000004
1990-11-16,350.9,317.12,2550.25,3218.27
1990-11-23,349.0,315.1,2527.23,3191.33
1990-11-30,359.1,322.22,2559.65,3240.9700000000003
1990-12-07,371.5,327.75,2590.1,3289.35
1990-12-14,368.8,326.82,2593.81,3289.43
1990-12-21,373.6,331.75,2633.66,3339.0099999999998
1990-12-28,371.2,328.72,2629.21,3329.13
1991-01-04,367.2,321.0,2566.09,3254.29
1991-01-11,361.8,315.23,2501.49,3178.5199999999995
1991-01-18,377.0,332.23,2646.78,3356.01
1991-01-25,394.3,336.07,2659.41,3389.7799999999997
1991-02-01,417.7,343.05,2730.69,3491.44
1991-02-08,436.8,359.35,2830.69,3626.84
1991-02-15,448.7,369.06,2934.65,3752.41
1991-02-22,449.0,365.65,2889.36,3704.01
1991-03-01,456.7,370.47,2909.9,3737.07
1991-03-08,475.11,374.95,2955.2,3805.2599999999998
1991-03-15,466.29,373.59,2948.27,3788.15
1991-03-22,464.15,367.48,2858.91,3690.54
1991-03-28,482.3,375.22,2913.86,3771.38
1991-04-05,495.79,375.36,2896.78,3767.9300000000003
1991-04-12,501.62,380.4,2920.79,3802.81
1991-04-19,501.19,384.2,2965.59,3850.98
1991-04-26,494.64,379.02,2912.38,3786.04
1991-05-03,492.1,380.8,2938.86,3811.76
1991-05-10,493.42,375.74,2920.17,3789.33
1991-05-17,481.38,372.39,2886.63,3740.4
1991-05-24,492.67,377.49,2913.91,3784.0699999999997
1991-05-31,506.11,389.83,3027.5,3923.44
1991-06-07,498.54,379.43,2976.74,3854.71
1991-06-14,495.07,382.29,3000.45,3877.81
1991-06-21,485.82,377.75,2965.56,3829.13
1991-06-28,475.92,371.16,2906.75,3753.83
1991-07-05,474.05,374.08,2932.47,3780.6
1991-07-12,492.71,380.25,2980.77,3853.73
1991-07-19,497.55,384.22,3016.32,3898.09
1991-07-26,492.69,380.93,2972.5,3846.12
1991-08-02,505.67,387.18,3006.26,3899.11
1991-08-09,508.31,387.12,2996.2,3891.63
1991-08-16,512.47,385.58,2968.02,3866.0699999999997
1991-08-23,521.06,394.17,3040.25,3955.48
1991-08-30,525.68,395.43,3043.6,3964.71
1991-09-06,516.94,389.1,3011.63,3917.67
1991-09-13,516.71,383.59,2985.69,3885.99
1991-09-20,527.19,387.92,3019.23,3934.34
1991-09-27,524.48,385.9,3006.04,3916.42
1991-10-04,520.4,381.25,2961.76,3863.4100000000003
1991-10-11,519.05,381.45,2983.68,3884.18
1991-10-18,538.9,392.5,3077.15,4008.55
1991-10-25,525.13,384.2,3004.92,3914.25
1991-11-01,540.93,391.32,3056.35,3988.6
1991-11-08,548.08,392.89,3045.62,3986.59
1991-11-15,531.29,382.62,2943.2,3857.1099999999997
1991-11-22,526.46,376.14,2902.73,3805.33
1991-11-29,523.9,375.22,2894.68,3793.7999999999997
1991-12-06,536.3,379.1,2886.4,3801.8
1991-12-13,540.9,384.47,2914.36,3839.73
1991-12-20,535.76,387.04,2934.48,3857.2799999999997
1991-12-27,565.71,406.46,3101.52,4073.69
1992-01-03,592.65,419.34,3201.48,4213.47
1992-01-10,615.7,415.1,3199.46,4230.26
1992-01-17,626.85,418.86,3264.98,4310.6900000000005
1992-01-24,624.68,415.48,3232.78,4272.9400000000005
1992-01-31,620.21,408.78,3223.39,4252.38
1992-02-07,634.95,411.09,3225.4,4271.4400000000005
1992-02-14,636.43,412.48,3245.97,4294.879999999999
1992-02-21,629.75,411.43,3280.19,4321.37
1992-02-28,633.47,412.7,3267.67,4313.84
1992-03-06,615.95,404.44,3221.6,4241.99
1992-03-13,618.62,405.84,3235.91,4260.37
1992-03-20,624.28,411.3,3276.39,4311.969999999999
1992-03-27,604.67,403.5,3231.44,4239.61
1992-04-03,590.01,401.55,3249.11,4240.67
1992-04-10,584.24,404.29,3255.37,4243.9
1992-04-16,591.81,416.04,3366.5,4374.35
1992-04-24,572.89,409.02,3324.46,4306.37
1992-05-01,578.14,412.53,3336.09,4326.76
1992-05-08,585.76,416.05,3369.41,4371.219999999999
1992-05-15,574.43,410.09,3353.09,4337.610000000001
1992-05-22,580.3,414.02,3386.77,4381.09
1992-05-29,585.31,415.35,3396.88,4397.54
1992-06-05,585.43,413.48,3398.69,4397.6
1992-06-12,569.52,409.76,3354.36,4333.64
1992-06-19,554.2,403.67,3285.35,4243.22
1992-06-26,547.84,403.45,3282.41,4233.7
1992-07-02,563.35,411.77,3330.29,4305.41
1992-07-10,567.8,414.62,3330.56,4312.98
1992-07-17,570.52,415.62,3331.64,4317.78
1992-07-24,565.61,411.6,3285.71,4262.92
1992-07-31,580.83,424.21,3393.78,4398.82
1992-08-07,573.74,418.88,3332.18,4324.8
1992-08-14,573.18,419.91,3328.94,4322.03
1992-08-21,563.7,414.85,3254.09,4232.64
1992-08-28,563.56,414.84,3267.61,4246.01
1992-09-04,573.44,417.08,3281.93,4272.45
1992-09-11,583.01,419.58,3305.7,4308.29
1992-09-18,589.12,422.93,3327.05,4339.1
1992-09-25,577.2,414.35,3250.32,4241.87
1992-10-02,571.63,410.47,3200.61,4182.71
1992-10-09,570.52,402.66,3136.58,4109.76
1992-10-16,582.61,411.73,3174.41,4168.75
1992-10-23,597.3,414.1,3207.64,4219.04
1992-10-30,605.17,418.68,3226.28,4250.13
1992-11-06,616.82,417.58,3240.06,4274.46
1992-11-13,637.16,422.43,3233.03,4292.62
1992-11-20,642.6,426.65,3227.36,4296.610000000001
1992-11-27,649.49,430.16,3282.2,4361.85
1992-12-04,661.6,432.06,3288.68,4382.34
1992-12-11,655.79,433.73,3304.08,4393.6
1992-12-18,661.29,441.28,3313.27,4415.84
1992-12-24,665.88,439.77,3326.24,4431.889999999999
1992-12-31,676.95,435.71,3301.11,4413.77
1993-01-08,677.21,429.05,3251.67,4357.93
1993-01-15,697.15,437.15,3271.12,4405.42
1993-01-22,701.63,436.11,3256.81,4394.55
1993-01-29,696.34,438.78,3310.03,4445.15
1993-02-05,700.98,448.93,3442.14,4592.05
1993-02-12,690.54,444.58,3392.43,4527.549999999999
1993-02-19,663.61,434.22,3322.18,4420.01
1993-02-26,670.77,443.38,3370.81,4484.96
1993-03-05,681.37,446.11,3404.58,4532.0599999999995
1993-03-12,692.78,449.83,3427.82,4570.43
1993-03-19,682.72,450.18,3471.58,4604.48
1993-03-26,681.54,447.78,3439.98,4569.3
1993-04-02,669.85,441.39,3370.81,4482.05
1993-04-08,666.33,441.84,3396.48,4504.65
1993-04-16,666.78,448.94,3478.61,4594.33
1993-04-23,658.41,437.03,3413.77,4509.21
1993-04-30,661.42,440.19,3427.55,4529.16
1993-05-07,681.44,442.31,3437.19,4560.9400000000005
1993-05-14,676.37,439.56,3443.01,4558.9400000000005
1993-05-21,694.29,445.84,3492.83,4632.96
1993-05-28,700.53,450.19,3527.43,4678.15
1993-06-04,702.01,450.06,3545.14,4697.21
1993-06-11,693.19,447.26,3505.01,4645.46
1993-06-18,689.59,443.68,3494.77,4628.04
1993-06-25,694.81,447.6,3490.89,4633.299999999999
1993-07-02,704.49,445.84,3483.97,4634.299999999999
1993-07-09,705.81,448.11,3521.06,4674.98
1993-07-16,699.73,445.75,3528.29,4673.77
1993-07-23,700.24,447.1,3546.74,4694.08
1993-07-30,704.7,448.13,3539.47,4692.299999999999
1993-08-06,718.08,448.68,3560.43,4727.19
1993-08-13,718.26,450.14,3569.65,4738.05
1993-08-20,730.96,456.16,3615.48,4802.6
1993-08-27,734.07,460.54,3640.63,4835.24
1993-09-03,749.71,461.34,3633.93,4844.98
1993-09-10,744.31,461.72,3621.63,4827.66
1993-09-17,740.11,458.83,3613.25,4812.1900000000005
1993-09-24,754.65,457.63,3543.11,4755.39
1993-10-01,763.23,461.28,3581.11,4805.62
1993-10-08,764.27,460.31,3584.74,4809.32
1993-10-15,787.42,469.5,3629.73,4886.65
1993-10-22,772.68,463.27,3649.3,4885.25
1993-10-29,779.26,467.83,3680.59,4927.68
1993-11-05,762.99,459.57,3643.43,4865.99
1993-11-12,779.32,465.39,3684.51,4929.22
1993-11-19,751.56,462.6,3694.01,4908.17
1993-11-26,754.87,463.06,3683.95,4901.88
1993-12-03,772.22,464.89,3704.07,4941.18
1993-12-10,760.74,463.93,3740.67,4965.34
1993-12-17,759.23,466.38,3751.57,4977.18
1993-12-23,758.7,467.38,3757.72,4983.799999999999
1993-12-31,776.8,466.45,3754.09,4997.34
1994-01-07,782.94,469.9,3820.77,5073.610000000001
1994-01-14,792.31,474.91,3867.2,5134.42
1994-01-21,794.28,474.72,3914.48,5183.48
1994-01-28,796.53,478.7,3945.43,5220.66
1994-02-04,777.28,469.81,3871.42,5118.51
1994-02-11,781.39,470.18,3894.78,5146.35
1994-02-18,788.85,467.69,3887.46,5144.0
1994-02-25,783.78,466.07,3838.78,5088.63
1994-03-04,790.55,464.74,3832.3,5087.59
1994-03-11,789.2,466.44,3862.7,5118.34
1994-03-18,803.93,471.06,3895.65,5170.64
1994-03-25,783.45,460.58,3774.73,5018.76
1994-03-31,743.46,445.77,3635.96,4825.1900000000005
1994-04-08,748.71,447.1,3674.26,4870.07
1994-04-15,727.97,446.18,3661.47,4835.62
1994-04-22,722.56,447.63,3648.68,4818.87
1994-04-29,733.84,450.91,3681.69,4866.4400000000005
1994-05-06,732.86,447.82,3669.5,4850.18
1994-05-13,716.92,444.14,3659.68,4820.74
1994-05-20,726.7,454.92,3766.35,4947.97
1994-05-27,733.14,457.33,3757.14,4947.61
1994-06-03,742.38,460.13,3772.22,4974.73
1994-06-10,734.25,458.67,3773.45,4966.37
1994-06-17,729.35,458.45,3776.78,4964.58
1994-06-24,693.79,442.8,3636.94,4773.53
1994-07-01,706.85,446.2,3646.65,4799.7
1994-07-08,707.46,449.55,3709.14,4866.15
1994-07-15,721.36,454.16,3753.81,4929.33
1994-07-22,716.68,453.11,3735.04,4904.83
1994-07-29,722.16,458.26,3764.5,4944.92
1994-08-05,718.67,457.09,3747.02,4922.78
1994-08-12,731.61,461.94,3768.71,4962.26
1994-08-19,742.43,463.68,3755.11,4961.22
1994-08-26,762.94,473.8,3881.05,5117.79
1994-09-02,759.23,470.99,3885.58,5115.8
1994-09-09,763.73,468.18,3874.81,5106.72
1994-09-16,777.91,471.19,3933.35,5182.45
1994-09-23,757.46,459.67,3831.75,5048.88
1994-09-30,764.29,462.71,3843.19,5070.1900000000005
1994-10-07,749.96,455.1,3797.43,5002.49
1994-10-14,767.08,469.1,3910.47,5146.65
1994-10-21,765.38,464.89,3891.3,5121.57
1994-10-28,776.15,473.77,3930.66,5180.58
1994-11-04,766.08,462.28,3807.52,5035.88
1994-11-11,762.12,462.35,3801.47,5025.94
1994-11-18,764.67,461.47,3815.26,5041.4
1994-11-25,742.52,452.29,3708.27,4903.08
1994-12-02,745.02,453.3,3745.62,4943.94
1994-12-09,719.05,446.96,3691.11,4857.12
1994-12-16,729.07,458.8,3807.19,4995.06
1994-12-23,742.19,459.83,3833.43,5035.45
1994-12-30,751.96,459.27,3834.44,5045.67
1995-01-06,749.69,460.68,3867.41,5077.78
1995-01-13,762.16,465.97,3908.46,5136.59
1995-01-20,762.05,464.78,3869.43,5096.26
1995-01-27,758.91,470.39,3857.99,5087.29
1995-02-03,772.06,478.65,3928.64,5179.35
1995-02-10,790.43,481.46,3939.07,5210.96
1995-02-17,786.97,481.97,3953.54,5222.48
1995-02-24,791.08,488.11,4011.74,5290.93
1995-03-03,798.79,485.42,3989.61,5273.82
1995-03-10,802.22,489.57,4035.61,5327.4
1995-03-17,808.33,495.52,4073.65,5377.5
1995-03-24,818.66,500.97,4138.67,5458.3
1995-03-31,817.21,500.71,4157.69,5475.61
1995-04-07,814.69,506.42,4192.62,5513.73
1995-04-13,832.64,509.23,4208.18,5550.05
1995-04-21,823.44,508.49,4270.09,5602.02
1995-04-28,843.98,514.71,4321.27,5679.960000000001
1995-05-05,843.53,520.12,4343.4,5707.049999999999
1995-05-12,858.94,525.55,4430.56,5815.05
1995-05-19,864.57,519.19,4341.33,5725.09
1995-05-26,871.87,523.65,4369.0,5764.52
1995-06-02,872.97,532.51,4444.39,5849.870000000001
1995-06-09,884.38,527.94,4423.99,5836.3099999999995
1995-06-16,908.65,539.83,4510.79,5959.27
1995-06-23,938.87,549.71,4585.84,6074.42
1995-06-30,933.45,544.75,4556.1,6034.3
1995-07-07,969.76,556.37,4702.73,6228.86
1995-07-14,999.33,559.89,4708.82,6268.04
1995-07-21,961.77,553.62,4641.55,6156.9400000000005
1995-07-28,1005.28,562.93,4715.51,6283.72
1995-08-04,991.09,558.94,4683.46,6233.49
1995-08-11,1004.11,555.11,4618.3,6177.52
1995-08-18,1031.28,559.21,4617.6,6208.09
1995-08-25,1019.97,560.1,4601.4,6181.469999999999
1995-09-01,1019.47,563.84,4647.54,6230.85
1995-09-08,1060.03,572.68,4700.72,6333.43
1995-09-15,1051.1,583.35,4797.57,6432.0199999999995
1995-09-22,1053.39,581.73,4764.15,6399.2699999999995
1995-09-29,1043.54,584.41,4789.08,6417.03
1995-10-06,1012.04,582.49,4769.21,6363.74
1995-10-13,1018.38,584.5,4793.78,6396.66
1995-10-20,1039.53,587.46,4794.86,6421.849999999999
1995-10-27,1025.55,579.7,4741.75,6347.0
1995-11-03,1065.66,590.57,4825.57,6481.799999999999
1995-11-10,1063.87,592.72,4870.37,6526.96
1995-11-17,1045.03,600.07,4989.95,6635.049999999999
1995-11-24,1030.17,599.97,5048.84,6678.9800000000005
1995-12-01,1055.31,606.98,5087.13,6749.42
1995-12-08,1062.41,617.48,5156.86,6836.75
1995-12-15,1030.48,616.34,5176.73,6823.549999999999
1995-12-22,1046.89,611.95,5097.97,6756.81
1995-12-29,1052.13,615.93,5117.12,6785.18
1996-01-05,1033.47,616.71,5181.43,6831.610000000001
1996-01-12,1008.23,601.81,5061.12,6671.16
1996-01-19,1018.45,611.83,5184.68,6814.960000000001
1996-01-26,1040.96,621.62,5271.75,6934.33
1996-02-02,1072.11,635.84,5373.99,7081.94
1996-02-09,1094.6,656.37,5541.62,7292.59
1996-02-16,1090.71,647.98,5503.32,7242.01
1996-02-23,1117.79,659.08,5630.49,7407.36
1996-03-01,1086.08,644.37,5536.56,7267.01
1996-03-08,1063.73,633.5,5470.45,7167.68
1996-03-15,1099.59,641.43,5584.97,7325.99
1996-03-22,1102.22,650.62,5636.64,7389.4800000000005
1996-03-29,1101.4,645.5,5587.14,7334.040000000001
1996-04-04,1118.21,655.86,5682.88,7456.950000000001
1996-04-12,1100.94,636.71,5532.59,7270.24
1996-04-19,1138.7,645.07,5535.48,7319.25
1996-04-26,1186.89,653.46,5567.99,7408.34
1996-05-03,1184.6,641.63,5478.03,7304.26
1996-05-10,1202.76,652.09,5518.14,7372.99
1996-05-17,1241.88,668.91,5687.5,7598.29
1996-05-24,1247.8,678.51,5762.86,7689.17
1996-05-31,1243.43,669.12,5643.18,7555.7300000000005
1996-06-07,1229.76,673.31,5697.11,7600.179999999999
1996-06-14,1213.18,665.85,5649.45,7528.48
1996-06-21,1175.44,666.84,5705.23,7547.51
1996-06-28,1185.02,670.63,5654.63,7510.280000000001
1996-07-05,1158.35,657.44,5588.14,7403.93
1996-07-12,1103.49,646.19,5510.56,7260.240000000001
1996-07-19,1097.68,638.73,5426.82,7163.23
1996-07-26,1079.44,635.9,5473.06,7188.400000000001
1996-08-02,1124.92,662.49,5679.83,7467.24
1996-08-09,1137.27,662.1,5681.31,7480.68
1996-08-16,1133.65,665.21,5689.45,7488.3099999999995
1996-08-23,1143.05,667.03,5722.74,7532.82
1996-08-30,1141.5,651.99,5616.21,7409.7
1996-09-06,1139.39,655.68,5659.86,7454.93
1996-09-13,1188.67,680.54,5838.52,7707.7300000000005
1996-09-20,1219.69,687.03,5888.46,7795.18
1996-09-27,1230.05,686.19,5872.92,7789.16
1996-10-04,1247.56,701.46,5992.86,7941.879999999999
1996-10-11,1248.27,700.66,5969.38,7918.3099999999995
1996-10-18,1242.48,710.82,6094.23,8047.53
1996-10-25,1222.6,700.92,6007.02,7930.540000000001
1996-11-01,1221.78,703.77,6021.93,7947.4800000000005
1996-11-08,1257.51,730.82,6219.82,8208.15
1996-11-15,1261.8,737.62,6348.03,8347.45
1996-11-22,1274.36,748.73,6471.76,8494.85
1996-11-29,1292.61,757.02,6521.7,8571.33
1996-12-06,1287.68,739.6,6381.94,8409.22
1996-12-13,1284.91,728.64,6304.87,8318.42
1996-12-20,1288.56,748.87,6484.4,8521.83
1996-12-27,1291.38,756.79,6560.91,8609.08
1997-01-03,1310.68,748.03,6544.09,8602.8
1997-01-10,1332.02,759.5,6703.79,8795.31
1997-01-17,1349.05,776.17,6833.1,8958.32
1997-01-24,1363.83,770.52,6696.48,8830.83
1997-01-31,1379.85,786.16,6813.09,8979.1
1997-02-07,1357.71,789.56,6855.8,9003.07
1997-02-14,1367.19,808.48,6988.96,9164.630000000001
1997-02-21,1334.32,801.77,6931.62,9067.71
1997-02-28,1309.0,790.82,6877.74,8977.56
1997-03-07,1311.8,804.97,7000.89,9117.66
1997-03-14,1292.97,793.17,6935.46,9021.6
1997-03-21,1254.07,784.1,6804.79,8842.96
1997-03-27,1249.51,773.88,6740.59,8763.98
1997-04-04,1236.73,757.9,6526.07,8520.7
1997-04-11,1206.9,737.65,6391.69,8336.24
1997-04-18,1222.57,766.34,6703.55,8692.46
1997-04-25,1209.29,765.37,6738.87,8713.529999999999
1997-05-02,1305.33,812.97,7071.2,9189.5
1997-05-09,1335.05,824.78,7169.53,9329.36
1997-05-16,1340.73,829.75,7194.67,9365.15
1997-05-23,1389.72,847.03,7345.91,9582.66
1997-05-30,1400.32,848.28,7331.04,9579.64
1997-06-06,1404.84,858.01,7435.78,9698.63
1997-06-13,1423.03,893.27,7782.04,10098.34
1997-06-20,1447.1,898.7,7796.51,10142.310000000001
1997-06-27,1438.15,887.3,7687.72,10013.17
1997-07-03,1467.61,916.92,7895.81,10280.34
1997-07-11,1502.62,916.68,7921.82,10341.119999999999
1997-07-18,1547.99,915.3,7890.46,10353.75
1997-07-25,1569.58,938.79,8113.44,10621.81
1997-08-01,1594.33,947.14,8194.04,10735.51
1997-08-08,1598.52,933.54,8031.22,10563.28
1997-08-15,1562.03,900.81,7694.66,10157.5
1997-08-22,1598.69,923.54,7887.91,10410.14
1997-08-29,1587.32,899.47,7622.42,10109.21
1997-09-05,1635.77,929.05,7822.41,10387.23
1997-09-12,1649.33,923.91,7742.97,10316.21
1997-09-19,1680.36,950.51,7917.27,10548.14
1997-09-26,1682.24,945.22,7922.18,10549.64
1997-10-03,1715.87,965.03,8038.58,10719.48
1997-10-10,1739.03,966.98,8045.21,10751.220000000001
1997-10-17,1666.85,944.16,7847.03,10458.039999999999
1997-10-24,1650.92,941.64,7715.41,10307.97
1997-10-31,1593.61,914.62,7442.08,9950.31
1997-11-07,1602.4,927.51,7581.32,10111.23
1997-11-14,1583.51,928.35,7572.48,10084.34
1997-11-21,1620.75,963.09,7881.07,10464.91
1997-11-28,1600.55,955.4,7823.13,10379.08
1997-12-05,1633.9,983.79,8149.13,10766.82
1997-12-12,1536.58,953.39,7838.3,10328.27
1997-12-19,1524.74,946.78,7756.29,10227.81
1997-12-26,1511.38,936.46,7679.31,10127.150000000001
1998-01-02,1581.53,975.04,7965.04,10521.61
1998-01-09,1503.22,927.69,7580.42,10011.33
1998-01-16,1562.88,961.51,7753.55,10277.94
1998-01-23,1575.93,957.59,7700.74,10234.26
1998-01-30,1619.36,980.28,7906.5,10506.14
1998-02-06,1694.35,1012.46,8189.49,10896.3
1998-02-13,1710.42,1020.09,8370.1,11100.61
1998-02-20,1728.13,1034.21,8413.94,11176.28
1998-02-27,1770.51,1049.34,8545.72,11365.57
1998-03-06,1753.49,1055.69,8569.39,11378.57
1998-03-13,1771.66,1068.61,8602.52,11442.79
1998-03-20,1789.16,1099.16,8906.43,11794.75
1998-03-27,1823.62,1095.44,8796.08,11715.14
1998-04-03,1855.4,1122.7,8983.41,11961.51
1998-04-09,1820.24,1110.67,8994.86,11925.77
1998-04-17,1866.6,1122.72,9167.5,12156.82
1998-04-24,1868.96,1107.9,9064.62,12041.480000000001
1998-05-01,1873.44,1121.0,9147.07,12141.51
1998-05-08,1864.37,1108.14,9055.15,12027.66
1998-05-15,1846.77,1108.73,9096.0,12051.5
1998-05-22,1805.0,1110.47,9114.44,12029.91
1998-05-29,1778.87,1090.82,8899.95,11769.64
1998-06-05,1782.92,1113.86,9037.71,11934.489999999998
1998-06-12,1745.05,1098.84,8834.94,11678.83
1998-06-19,1781.29,1100.65,8712.87,11594.810000000001
1998-06-26,1869.53,1133.2,8944.54,11947.27
1998-07-02,1894.0,1146.42,9025.26,12065.68
1998-07-10,1943.04,1164.33,9105.74,12213.11
1998-07-17,2008.76,1186.75,9337.97,12533.48
1998-07-24,1930.99,1140.8,8937.36,12009.150000000001
1998-07-31,1872.39,1120.67,8883.29,11876.350000000002
1998-08-07,1846.77,1089.45,8598.02,11534.240000000002
1998-08-14,1790.19,1062.75,8425.0,11277.94
1998-08-21,1797.61,1081.24,8533.65,11412.5
1998-08-28,1639.68,1027.14,8051.68,10718.5
1998-09-04,1566.52,973.89,7640.25,10180.66
1998-09-11,1641.64,1009.06,7795.5,10446.2
1998-09-18,1663.77,1020.09,7895.66,10579.52
1998-09-25,1743.59,1044.75,8028.77,10817.11
1998-10-02,1614.98,1002.6,7784.69,10402.27
1998-10-09,1492.49,984.39,7899.52,10376.400000000001
1998-10-16,1620.95,1056.42,8416.76,11094.130000000001
1998-10-23,1693.86,1070.67,8452.29,11216.82
1998-10-30,1771.39,1098.67,8592.1,11462.16
1998-11-06,1856.56,1141.01,8975.46,11973.029999999999
1998-11-13,1847.99,1125.72,8919.59,11893.3
1998-11-20,1928.21,1163.55,9159.55,12251.31
1998-11-27,2016.44,1192.33,9333.08,12541.85
1998-12-04,2003.16,1176.74,9016.14,12196.039999999999
1998-12-11,2029.31,1166.46,8821.76,12017.53
1998-12-18,2086.14,1188.03,8903.63,12177.8
1998-12-24,2163.04,1226.27,9217.99,12607.3
1998-12-31,2192.69,1229.23,9181.43,12603.35
1999-01-08,2344.41,1275.09,9643.32,13262.82
1999-01-15,2348.2,1243.26,9340.55,12932.009999999998
1999-01-22,2338.88,1225.19,9120.67,12684.74
1999-01-29,2505.89,1279.64,9358.83,13144.36
1999-02-05,2373.62,1239.4,9304.24,12917.26
1999-02-12,2321.89,1230.13,9274.89,12826.91
1999-02-19,2283.6,1239.22,9339.95,12862.77
1999-02-26,2288.03,1238.33,9306.58,12832.94
1999-03-05,2337.11,1275.47,9736.08,13348.66
1999-03-12,2381.53,1294.59,9876.35,13552.470000000001
1999-03-19,2421.27,1299.29,9903.55,13624.109999999999
1999-03-26,2419.17,1282.8,9822.24,13524.21
1999-04-01,2493.37,1293.72,9832.51,13619.6
1999-04-09,2593.05,1348.35,10173.84,14115.24
1999-04-16,2484.04,1319.0,10493.89,14296.93
1999-04-23,2590.69,1356.85,10689.67,14637.21
1999-04-30,2542.85,1335.18,10789.04,14667.07
1999-05-07,2503.62,1345.0,11031.59,14880.21
1999-05-14,2527.86,1337.8,10913.32,14778.98
1999-05-21,2520.14,1330.29,10829.28,14679.710000000001
1999-05-28,2470.52,1301.84,10559.74,14332.099999999999
1999-06-04,2478.34,1327.75,10799.84,14605.93
1999-06-11,2447.88,1293.64,10490.51,14232.03
1999-06-18,2563.44,1342.84,10855.56,14761.84
1999-06-25,2552.65,1315.31,10552.56,14420.52
1999-07-02,2741.02,1391.22,11139.24,15271.48
1999-07-09,2793.07,1403.28,11193.7,15390.050000000001
1999-07-16,2864.48,1418.78,11209.84,15493.1
1999-07-23,2692.4,1356.94,10910.96,14960.3
1999-07-30,2638.49,1328.72,10655.15,14622.36
1999-08-06,2547.97,1300.29,10714.03,14562.29
1999-08-13,2637.81,1327.68,10973.65,14939.14
1999-08-20,2648.33,1336.61,11100.61,15085.55
1999-08-27,2758.9,1348.27,11090.17,15197.34
1999-09-03,2843.11,1357.24,11078.45,15278.800000000001
1999-09-10,2887.06,1351.66,11028.43,15267.150000000001
1999-09-17,2869.62,1335.42,10803.63,15008.669999999998
1999-10-01,2736.85,1282.81,10273.0,14292.66
1999-10-08,2886.57,1336.02,10649.76,14872.35
1999-10-15,2731.83,1247.41,10019.71,13998.949999999999
1999-10-22,2816.52,1301.65,10470.25,14588.42
1999-10-29,2966.43,1362.93,10729.86,15059.220000000001
1999-11-05,3102.29,1370.23,10704.48,15177.0
1999-11-12,3191.08,1396.04,10769.32,15356.439999999999
1999-11-19,3369.25,1422.0,11003.89,15795.14
1999-11-26,3447.81,1416.62,10988.91,15853.34
1999-12-03,3520.63,1433.3,11286.18,16240.11
1999-12-10,3620.24,1417.04,11224.7,16261.98
1999-12-17,3753.06,1421.05,11257.43,16431.54
1999-12-23,3969.44,1458.34,11405.76,16833.54
1999-12-31,4069.31,1469.25,11497.12,17035.68
2000-01-07,3882.62,1441.47,11522.56,16846.65
2000-01-14,4064.27,1465.15,11722.98,17252.4
2000-01-21,4235.4,1441.36,11251.71,16928.469999999998
2000-01-28,3887.07,1360.16,10738.87,15986.100000000002
2000-02-04,4244.14,1424.37,10963.8,16632.309999999998
2000-02-11,4395.45,1387.12,10425.21,16207.779999999999
2000-02-18,4411.74,1346.09,10219.52,15977.35
2000-02-25,4590.5,1333.36,9862.12,15785.98
2000-03-03,4914.79,1409.17,10367.2,16691.16
2000-03-10,5048.62,1395.07,9928.82,16372.509999999998
2000-03-17,4798.13,1464.47,10595.23,16857.83
2000-03-24,4963.03,1527.46,11112.72,17603.21
2000-03-31,4572.83,1498.58,10921.92,16993.33
2000-04-07,4446.45,1516.35,11111.48,17074.28
2000-04-14,3321.29,1357.31,10305.77,14984.37
2000-04-20,3643.88,1434.54,10844.05,15922.47
2000-04-28,3860.66,1452.43,10733.91,16047.0
2000-05-05,3816.82,1432.63,10577.86,15827.310000000001
2000-05-12,3529.06,1420.96,10609.37,15559.390000000001
2000-05-19,3390.4,1406.95,10626.85,15424.2
2000-05-26,3205.11,1378.02,10299.24,14882.369999999999
2000-06-02,3813.38,1477.26,10794.76,16085.400000000001
2000-06-09,3874.84,1456.95,10614.06,15945.849999999999
2000-06-16,3860.56,1464.46,10449.3,15774.32
2000-06-23,3845.34,1441.48,10404.75,15691.57
2000-06-30,3966.11,1454.6,10447.89,15868.599999999999
2000-07-07,4023.2,1478.9,10635.98,16138.08
2000-07-14,4246.18,1509.98,10812.75,16568.91
2000-07-21,4094.45,1480.19,10733.56,16308.199999999999
2000-07-28,3663.0,1419.89,10511.17,15594.060000000001
2000-08-04,3787.36,1462.93,10767.75,16018.04
2000-08-11,3789.47,1471.84,11027.8,16289.109999999999
2000-08-18,3930.34,1491.72,11046.48,16468.54
2000-08-25,4042.68,1506.46,11192.63,16741.769999999997
2000-09-01,4234.33,1520.77,11238.78,16993.88
2000-09-08,3978.41,1494.5,11220.65,16693.559999999998
2000-09-15,3835.23,1465.81,10927.0,16228.04
2000-09-22,3803.76,1448.72,10847.37,16099.850000000002
2000-09-29,3672.82,1436.51,10650.92,15760.25
2000-10-06,3361.01,1408.99,10596.54,15366.54
2000-10-13,3316.77,1374.17,10192.18,14883.12
2000-10-20,3483.14,1396.93,10226.59,15106.66
2000-10-27,3278.36,1379.58,10590.62,15248.560000000001
2000-11-03,3451.58,1426.69,10817.95,15696.220000000001
2000-11-10,3028.99,1365.98,10602.95,14997.92
2000-11-17,3027.19,1367.72,10629.87,15024.78
2000-11-24,2904.38,1341.77,10470.23,14716.38
2000-12-01,2645.29,1315.23,10373.54,14334.060000000001
2000-12-08,2917.43,1369.89,10712.91,15000.23
2000-12-15,2653.27,1312.15,10434.96,14400.38
2000-12-22,2517.02,1305.95,10635.56,14458.529999999999
2000-12-29,2470.52,1320.28,10786.85,14577.650000000001
2001-01-05,2407.65,1298.35,10662.01,14368.01
2001-01-12,2626.5,1318.55,10525.38,14470.43
2001-01-19,2770.38,1342.55,10587.59,14700.52
2001-01-26,2781.3,1354.95,10659.98,14796.23
2001-02-02,2660.5,1349.47,10864.1,14874.07
2001-02-09,2470.97,1314.76,10781.45,14567.18
2001-02-16,2425.38,1301.53,10799.82,14526.73
2001-02-23,2262.51,1245.86,10441.9,13950.27
2001-03-02,2117.63,1234.18,10466.31,13818.119999999999
2001-03-09,2052.78,1233.42,10644.62,13930.820000000002
2001-03-16,1890.91,1150.53,9823.41,12864.85
2001-03-23,1928.68,1139.83,9504.78,12573.29
2001-03-30,1840.26,1160.33,9878.78,12879.37
2001-04-06,1720.36,1128.43,9791.09,12639.880000000001
2001-04-12,1961.43,1183.5,10126.94,13271.87
2001-04-20,2163.41,1242.98,10579.85,13986.24
2001-04-27,2075.68,1253.05,10810.05,14138.779999999999
2001-05-04,2191.53,1266.61,10951.24,14409.380000000001
2001-05-11,2107.43,1245.67,10821.31,14174.41
2001-05-18,2198.83,1291.96,11301.74,14792.529999999999
2001-05-25,2251.03,1277.89,11005.37,14534.29
2001-06-01,2149.44,1260.67,10990.41,14400.52
2001-06-08,2215.1,1264.96,10977.0,14457.06
2001-06-15,2028.43,1214.36,10623.64,13866.43
2001-06-22,2034.84,1225.35,10604.59,13864.779999999999
2001-06-29,2160.54,1224.38,10502.4,13887.32
2001-07-06,2004.16,1190.59,10252.68,13447.43
2001-07-13,2084.79,1215.68,10539.06,13839.529999999999
2001-07-20,2029.37,1210.85,10576.65,13816.869999999999
2001-07-27,2029.07,1205.82,10416.67,13651.56
2001-08-03,2066.33,1214.35,10512.78,13793.460000000001
2001-08-10,1956.47,1190.16,10416.25,13562.880000000001
2001-08-17,1867.01,1161.97,10240.78,13269.76
2001-08-24,1916.8,1184.93,10423.17,13524.9
2001-08-31,1805.43,1133.58,9949.75,12888.76
2001-09-07,1687.7,1085.78,9605.85,12379.33
2001-09-21,1423.19,965.8,8235.81,10624.8
2001-09-28,1498.8,1040.94,8847.56,11387.3
2001-10-05,1605.3,1071.38,9119.77,11796.45
2001-10-12,1703.4,1091.65,9344.16,12139.21
2001-10-19,1671.31,1073.48,9204.11,11948.900000000001
2001-10-26,1768.96,1104.61,9545.17,12418.74
2001-11-02,1745.73,1087.2,9323.54,12156.470000000001
2001-11-09,1828.48,1120.31,9608.0,12556.79
2001-11-16,1898.58,1138.65,9866.99,12904.22
2001-11-23,1903.2,1150.34,9959.71,13013.25
2001-11-30,1930.58,1139.45,9851.56,12921.59
2001-12-07,2021.26,1158.31,10049.46,13229.029999999999
2001-12-14,1953.17,1123.07,9811.15,12887.39
2001-12-21,1945.83,1144.89,10035.34,13126.060000000001
2001-12-28,1987.26,1161.02,10136.99,13285.27
2002-01-04,2059.38,1172.51,10259.74,13491.630000000001
2002-01-11,2022.46,1145.6,9987.53,13155.59
2002-01-18,1930.34,1127.58,9771.85,12829.77
2002-01-25,1937.7,1133.28,9840.08,12911.06
2002-02-01,1911.24,1122.2,9907.26,12940.7
2002-02-08,1818.88,1096.22,9744.24,12659.34
2002-02-15,1805.2,1104.18,9903.04,12812.420000000002
2002-02-22,1724.54,1089.84,9968.15,12782.529999999999
2002-03-01,1802.74,1131.78,10368.86,13303.380000000001
2002-03-08,1929.67,1164.31,10572.49,13666.47
2002-03-15,1868.3,1166.16,10607.23,13641.689999999999
2002-03-22,1851.39,1148.7,10427.67,13427.76
2002-03-28,1845.35,1147.39,10403.94,13396.68
2002-04-05,1770.03,1122.73,10271.64,13164.4
2002-04-12,1756.19,1111.01,10190.82,13058.02
2002-04-19,1796.83,1125.17,10257.11,13179.11
2002-04-26,1663.89,1076.32,9910.72,12650.93
2002-05-03,1613.03,1073.43,10006.63,12693.09
2002-05-10,1600.85,1054.99,9939.92,12595.76
2002-05-17,1741.39,1106.59,10353.08,13201.06
2002-05-24,1661.49,1083.82,10104.26,12849.57
2002-05-31,1615.73,1067.14,9925.25,12608.119999999999
2002-06-07,1535.48,1027.53,9589.67,12152.68
2002-06-14,1504.74,1007.27,9474.21,11986.22
2002-06-21,1440.96,989.14,9253.79,11683.890000000001
2002-06-28,1463.21,989.82,9243.26,11696.29
2002-07-05,1448.36,989.03,9379.5,11816.89
2002-07-12,1373.5,921.39,8684.53,10979.42
2002-07-19,1319.15,847.75,8019.26,10186.16
2002-07-26,1262.12,852.84,8264.39,10379.349999999999
2002-08-02,1247.92,864.24,8313.13,10425.289999999999
2002-08-09,1306.12,908.64,8745.45,10960.210000000001
2002-08-16,1361.01,928.77,8778.06,11067.84
2002-08-23,1380.62,940.86,8872.96,11194.439999999999
2002-08-30,1314.85,916.07,8663.5,10894.42
2002-09-06,1295.3,893.92,8427.2,10616.42
2002-09-13,1291.4,889.81,8312.69,10493.900000000001
2002-09-20,1221.09,845.39,7986.02,10052.5
2002-09-27,1199.16,827.37,7701.45,9727.98
2002-10-04,1139.9,800.58,7528.4,9468.88
2002-10-11,1210.47,835.32,7850.29,9896.08
2002-10-18,1287.86,884.39,8322.4,10494.65
2002-10-25,1331.13,897.65,8443.99,10672.77
2002-11-01,1360.7,900.96,8517.64,10779.3
2002-11-08,1359.28,894.74,8537.13,10791.15
2002-11-15,1411.14,909.83,8579.09,10900.060000000001
2002-11-22,1468.74,930.55,8804.84,11204.130000000001
2002-11-29,1478.78,936.31,8896.09,11311.18
2002-12-06,1422.44,912.23,8645.77,10980.44
2002-12-13,1362.42,890.99,8433.71,10687.119999999999
2002-12-20,1363.05,892.1,8511.32,10766.47
2002-12-27,1348.31,874.73,8303.78,10526.82
2003-01-03,1387.08,908.59,8601.69,10897.36
2003-01-10,1447.72,927.57,8784.95,11160.240000000002
2003-01-17,1376.19,901.78,8586.74,10864.71
2003-01-24,1342.14,861.4,8131.01,10334.55
2003-01-31,1320.91,855.7,8053.81,10230.42
2003-02-07,1282.47,829.69,7864.23,9976.39
2003-02-14,1310.17,834.89,7908.8,10053.86
2003-02-21,1349.02,848.17,8018.11,10215.3
2003-02-28,1337.52,841.15,7891.08,10069.75
2003-03-07,1305.29,828.89,7740.03,9874.21
2003-03-14,1340.33,833.27,7859.71,10033.31
2003-03-21,1421.84,895.89,8521.97,10839.699999999999
2003-03-28,1369.6,863.5,8145.77,10378.87
2003-04-04,1383.51,878.85,8277.15,10539.51
2003-04-11,1358.85,868.3,8203.41,10430.56
2003-04-17,1425.5,893.58,8337.65,10656.73
2003-04-25,1434.54,898.81,8306.35,10639.7
2003-05-02,1502.88,930.08,8582.68,11015.64
2003-05-09,1520.15,933.41,8604.6,11058.16
2003-05-16,1538.53,944.3,8678.97,11161.8
2003-05-23,1510.09,933.22,8601.38,11044.689999999999
2003-05-30,1595.91,963.59,8850.26,11409.76
2003-06-06,1627.42,987.76,9062.79,11677.970000000001
2003-06-13,1626.49,988.61,9117.12,11732.220000000001
2003-06-27,1625.26,976.22,8989.05,11590.529999999999
2003-07-03,1663.46,985.7,9070.21,11719.369999999999
2003-07-11,1733.93,998.14,9119.59,11851.66
2003-07-18,1708.5,993.32,9188.15,11889.97
2003-07-25,1730.7,998.68,9284.57,12013.95
2003-08-01,1715.62,980.15,9153.97,11849.74
2003-08-08,1644.03,977.59,9191.09,11812.71
2003-08-15,1702.01,990.67,9321.69,12014.37
2003-08-22,1765.32,993.06,9348.87,12107.25
2003-08-29,1810.45,1008.01,9415.82,12234.279999999999
2003-09-05,1858.24,1021.39,9503.34,12382.970000000001
2003-09-12,1855.03,1018.63,9471.55,12345.21
2003-09-19,1905.7,1036.3,9644.82,12586.82
2003-09-26,1792.07,996.85,9313.08,12102.0
2003-10-03,1880.57,1029.85,9572.31,12482.73
2003-10-10,1915.31,1038.06,9674.68,12628.05
2003-10-17,1912.36,1039.32,9721.79,12673.470000000001
2003-10-24,1865.59,1028.91,9582.46,12476.96
2003-10-31,1932.21,1050.71,9801.12,12784.04
2003-11-07,1970.74,1053.21,9809.79,12833.740000000002
2003-11-14,1930.26,1050.35,9768.68,12749.29
2003-11-21,1893.88,1035.28,9628.53,12557.69
2003-11-28,1960.26,1058.2,9782.46,12800.919999999998
2003-12-05,1937.82,1061.5,9862.68,12862.0
2003-12-12,1949.0,1074.14,10042.16,13065.3
2003-12-19,1951.02,1088.66,10278.22,13317.9
2003-12-26,1973.14,1095.89,10324.67,13393.7
2004-01-02,2006.68,1108.48,10409.85,13525.01
2004-01-09,2086.92,1121.86,10458.89,13667.669999999998
2004-01-16,2140.46,1139.83,10600.51,13880.8
2004-01-23,2123.87,1141.55,10568.29,13833.710000000001
2004-01-30,2066.15,1131.13,10488.07,13685.35
2004-02-06,2064.01,1142.76,10593.03,13799.800000000001
2004-02-13,2053.56,1145.81,10627.85,13827.220000000001
2004-02-20,2037.93,1144.11,10619.03,13801.07
2004-02-27,2029.82,1144.94,10583.92,13758.68
2004-03-05,2047.63,1156.86,10595.55,13800.039999999999
2004-03-12,1984.73,1120.57,10240.08,13345.380000000001
2004-03-19,1940.47,1109.78,10186.6,13236.85
2004-03-26,1960.02,1108.06,10212.97,13281.05
2004-04-02,2057.17,1141.81,10470.59,13669.57
2004-04-16,1995.74,1134.61,10451.97,13582.32
2004-04-23,2049.77,1140.6,10472.84,13663.21
2004-04-30,1920.15,1107.3,10225.57,13253.02
2004-05-07,1917.96,1098.7,10117.34,13134.0
2004-05-14,1904.25,1095.7,10012.87,13012.82
2004-05-21,1912.09,1093.56,9966.74,12972.39
2004-05-28,1986.74,1120.68,10188.45,13295.87
2004-06-04,1978.62,1122.5,10242.82,13343.939999999999
2004-06-10,1999.87,1136.47,10410.1,13546.44
2004-06-18,1986.73,1135.21,10416.41,13538.35
2004-06-25,2025.47,1134.43,10371.84,13531.74
2004-07-02,2006.66,1125.38,10282.83,13414.869999999999
2004-07-09,1946.33,1112.81,10213.22,13272.359999999999
2004-07-16,1883.15,1101.39,10139.78,13124.32
2004-07-23,1849.09,1086.2,9962.22,12897.509999999998
2004-07-30,1887.36,1101.72,10139.71,13128.789999999999
2004-08-06,1776.89,1063.97,9815.33,12656.19
2004-08-13,1757.22,1064.8,9825.35,12647.37
2004-08-20,1838.02,1098.35,10110.14,13046.509999999998
2004-08-27,1862.09,1107.77,10195.01,13164.869999999999
2004-09-03,1844.48,1113.63,10260.2,13218.310000000001
2004-09-10,1894.31,1123.92,10313.07,13331.3
2004-09-17,1910.09,1128.55,10284.46,13323.099999999999
2004-09-24,1879.48,1110.11,10047.24,13036.83
2004-10-01,1942.2,1131.5,10192.65,13266.349999999999
2004-10-08,1919.97,1122.14,10055.2,13097.310000000001
2004-10-15,1911.5,1108.2,9933.38,12953.079999999998
2004-10-22,1915.14,1095.74,9757.81,12768.689999999999
2004-10-29,1974.99,1130.2,10027.47,13132.66
2004-11-05,2038.94,1166.17,10387.54,13592.650000000001
2004-11-12,2085.34,1184.17,10539.01,13808.52
2004-11-19,2070.63,1170.34,10456.91,13697.880000000001
2004-11-26,2101.97,1182.65,10522.23,13806.849999999999
2004-12-03,2147.96,1191.17,10592.21,13931.34
2004-12-10,2128.07,1188.0,10543.22,13859.289999999999
2004-12-17,2135.2,1194.2,10649.92,13979.32
2004-12-23,2160.62,1210.13,10827.12,14197.87
2004-12-31,2175.44,1211.92,10783.01,14170.37
2005-01-07,2088.61,1186.19,10603.96,13878.759999999998
2005-01-14,2087.91,1184.52,10558.0,13830.43
2005-01-21,2034.27,1167.87,10392.99,13595.13
2005-01-28,2035.83,1171.36,10427.2,13634.39
2005-02-04,2086.66,1203.03,10716.13,14005.82
2005-02-11,2076.66,1205.3,10796.01,14077.970000000001
2005-02-18,2058.62,1201.59,10785.22,14045.43
2005-02-25,2065.4,1211.37,10841.6,14118.37
2005-03-04,2070.61,1222.12,10940.55,14233.279999999999
2005-03-11,2041.6,1200.08,10774.36,14016.04
2005-03-18,2007.79,1189.65,10629.67,13827.11
2005-03-24,1991.06,1171.42,10442.87,13605.35
2005-04-01,1984.81,1172.92,10404.3,13562.029999999999
2005-04-08,1999.35,1181.2,10461.34,13641.89
2005-04-15,1908.15,1142.62,10087.51,13138.28
2005-04-22,1932.19,1152.12,10157.71,13242.019999999999
2005-04-29,1921.65,1156.85,10192.51,13271.01
2005-05-06,1967.35,1171.35,10345.4,13484.099999999999
2005-05-13,1976.78,1154.05,10140.12,13270.95
2005-05-20,2046.42,1189.28,10471.91,13707.61
2005-05-27,2075.73,1198.78,10542.55,13817.06
2005-06-03,2071.43,1196.02,10460.97,13728.419999999998
2005-06-10,2063.0,1198.11,10512.63,13773.739999999998
2005-06-17,2090.11,1216.96,10623.07,13930.14
2005-06-24,2053.27,1191.57,10297.84,13542.68
2005-07-01,2057.37,1194.44,10303.44,13555.25
2005-07-08,2112.88,1211.86,10449.14,13773.88
2005-07-15,2156.78,1227.92,10640.83,14025.53
2005-07-22,2179.74,1233.68,10651.18,14064.6
2005-07-29,2184.83,1234.18,10640.91,14059.92
2005-08-05,2177.91,1226.42,10558.03,13962.36
2005-08-12,2156.9,1230.39,10600.31,13987.599999999999
2005-08-19,2135.56,1219.71,10559.23,13914.5
2005-08-26,2120.77,1205.1,10397.29,13723.16
2005-09-02,2141.07,1218.02,10447.37,13806.460000000001
2005-09-09,2175.51,1241.48,10678.56,14095.55
2005-09-16,2160.35,1237.91,10641.94,14040.2
2005-09-23,2116.84,1215.29,10419.59,13751.720000000001
2005-09-30,2151.69,1228.81,10568.7,13949.2
2005-10-07,2090.35,1195.9,10292.31,13578.56
2005-10-14,2064.83,1186.57,10287.34,13538.74
2005-10-21,2082.21,1179.59,10215.22,13477.02
2005-10-28,2089.88,1198.41,10402.77,13691.060000000001
2005-11-04,2169.43,1220.14,10530.76,13920.33
2005-11-11,2202.47,1234.72,10686.04,14123.23
2005-11-18,2227.07,1248.27,10766.33,14241.67
2005-11-25,2263.01,1268.25,10931.62,14462.880000000001
2005-12-02,2273.37,1265.08,10877.51,14415.96
2005-12-09,2256.73,1259.36,10778.58,14294.67
2005-12-16,2252.48,1267.32,10875.59,14395.39
2005-12-23,2249.42,1268.66,10883.27,14401.35
2005-12-30,2205.32,1248.29,10717.5,14171.11
2006-01-06,2305.62,1285.45,10959.31,14550.38
2006-01-13,2317.04,1287.61,10959.87,14564.52
2006-01-20,2247.7,1261.49,10667.39,14176.579999999998
2006-01-27,2304.23,1283.72,10907.21,14495.16
2006-02-03,2262.58,1264.03,10793.62,14320.23
2006-02-10,2261.88,1266.99,10919.05,14447.919999999998
2006-02-17,2282.36,1287.24,11115.32,14684.92
2006-02-24,2287.04,1289.43,11061.85,14638.32
2006-03-03,2302.6,1287.23,11021.59,14611.42
2006-03-10,2262.04,1281.58,11076.34,14619.96
2006-03-17,2306.48,1307.25,11279.65,14893.38
2006-03-24,2312.82,1302.95,11279.97,14895.74
2006-03-31,2339.79,1294.83,11109.32,14743.939999999999
2006-04-07,2339.02,1295.5,11120.04,14754.560000000001
2006-04-13,2326.11,1289.12,11137.65,14752.88
2006-04-21,2342.86,1311.28,11347.45,15001.59
2006-04-28,2322.57,1310.61,11367.14,15000.32
2006-05-05,2342.57,1325.76,11577.74,15246.07
2006-05-12,2243.78,1291.24,11380.99,14916.01
2006-05-19,2193.88,1267.03,11144.06,14604.97
2006-05-26,2210.37,1280.16,11278.61,14769.14
2006-06-02,2219.41,1288.22,11247.87,14755.5
2006-06-09,2135.06,1252.3,10891.92,14279.279999999999
2006-06-16,2129.95,1251.54,11014.55,14396.039999999999
2006-06-23,2121.47,1244.5,10989.09,14355.06
2006-06-30,2172.09,1270.2,11150.22,14592.509999999998
2006-07-07,2130.06,1265.48,11090.67,14486.21
2006-07-14,2037.35,1236.2,10739.35,14012.900000000001
2006-07-21,2020.39,1240.29,10868.38,14129.06
2006-07-28,2094.14,1278.55,11219.7,14592.39
2006-08-04,2085.05,1279.36,11240.35,14604.76
2006-08-11,2057.71,1266.74,11088.03,14412.48
2006-08-18,2163.95,1302.3,11381.47,14847.72
2006-08-25,2140.29,1295.09,11284.05,14719.43
2006-09-01,2193.16,1311.01,11464.15,14968.32
2006-09-08,2165.79,1298.92,11392.11,14856.82
2006-09-15,2235.59,1319.87,11560.77,15116.23
2006-09-22,2218.93,1314.78,11508.1,15041.810000000001
2006-09-29,2258.43,1335.85,11679.07,15273.349999999999
2006-10-06,2299.99,1349.58,11850.21,15499.779999999999
2006-10-13,2357.29,1365.62,11960.51,15683.42
2006-10-20,2342.3,1368.6,12002.37,15713.27
2006-10-27,2350.62,1377.34,12090.26,15818.220000000001
2006-11-03,2330.79,1364.3,11986.04,15681.130000000001
2006-11-10,2389.72,1380.9,12108.43,15879.05
2006-11-17,2445.86,1401.2,12342.56,16189.619999999999
2006-11-24,2460.26,1400.95,12280.17,16141.380000000001
2006-12-01,2413.21,1396.71,12194.13,16004.05
2006-12-08,2437.36,1409.84,12307.49,16154.689999999999
2006-12-15,2457.2,1427.09,12445.52,16329.810000000001
2006-12-22,2401.18,1410.76,12343.22,16155.16
2006-12-29,2415.29,1418.3,12463.15,16296.74
2007-01-05,2434.25,1409.71,12398.01,16241.970000000001
2007-01-12,2502.82,1430.73,12556.08,16489.63
2007-01-19,2451.31,1430.5,12565.53,16447.34
2007-01-26,2435.49,1422.18,12487.02,16344.69
2007-02-02,2475.88,1448.39,12653.49,16577.760000000002
2007-02-09,2459.82,1438.06,12580.83,16478.71
2007-02-16,2496.31,1455.54,12767.57,16719.42
2007-02-23,2515.1,1451.19,12647.48,16613.77
2007-03-02,2368.0,1387.17,12114.1,15869.27
2007-03-09,2387.55,1402.85,12276.32,16066.72
2007-03-16,2372.66,1386.95,12110.41,15870.02
2007-03-23,2448.93,1436.11,12481.01,16366.05
2007-03-30,2421.64,1420.86,12354.35,16196.85
2007-04-05,2471.34,1443.76,12560.2,16475.300000000003
2007-04-13,2491.94,1452.85,12612.13,16556.92
2007-04-20,2526.39,1484.35,12961.98,16972.72
2007-04-27,2557.21,1494.07,13120.94,17172.22
2007-05-04,2572.15,1505.62,13264.62,17342.39
2007-05-11,2562.22,1505.85,13326.22,17394.29
2007-05-18,2558.45,1522.75,13556.53,17637.73
2007-05-25,2557.19,1515.73,13507.28,17580.2
2007-06-01,2613.92,1536.34,13668.11,17818.370000000003
2007-06-08,2573.54,1507.67,13424.39,17505.6
2007-06-15,2626.71,1532.91,13639.48,17799.1
2007-06-22,2588.96,1502.56,13360.26,17451.78
2007-06-29,2603.23,1503.35,13408.62,17515.2
2007-07-06,2666.51,1525.88,13611.68,17804.07
2007-07-13,2707.0,1552.5,13907.25,18166.75
2007-07-20,2687.6,1534.1,13851.08,18072.78
2007-07-27,2562.24,1458.95,13265.47,17286.66
2007-08-03,2511.25,1433.06,13181.91,17126.22
2007-08-10,2544.89,1453.64,13239.54,17238.07
2007-08-17,2505.03,1445.94,13079.08,17030.05
2007-08-24,2576.69,1479.37,13378.87,17434.93
2007-08-31,2596.36,1473.99,13357.74,17428.09
2007-09-07,2565.7,1453.55,13113.38,17132.629999999997
2007-09-14,2602.18,1484.25,13442.52,17528.95
2007-09-21,2671.22,1525.75,13820.19,18017.16
2007-09-28,2701.5,1526.75,13895.63,18123.879999999997
2007-10-05,2780.32,1557.59,14066.01,18403.92
2007-10-12,2805.68,1561.8,14093.08,18460.559999999998
2007-10-19,2725.16,1500.63,13522.02,17747.81
2007-10-26,2804.19,1535.28,13806.7,18146.170000000002
2007-11-02,2810.38,1509.65,13595.1,17915.13
2007-11-09,2627.94,1453.7,13042.74,17124.38
2007-11-16,2637.24,1458.74,13176.79,17272.77
2007-11-23,2596.6,1440.7,12980.88,17018.18
2007-11-30,2660.96,1481.14,13371.72,17513.82
2007-12-07,2706.16,1504.66,13625.58,17836.4
2007-12-14,2635.74,1467.95,13339.85,17443.54
2007-12-21,2691.99,1484.46,13450.65,17627.1
2007-12-28,2674.46,1478.49,13365.87,17518.82
2008-01-04,2504.65,1411.63,12800.18,16716.46
2008-01-11,2439.94,1401.02,12606.3,16447.26
2008-01-18,2340.02,1325.19,12099.3,15764.509999999998
2008-01-25,2326.2,1330.61,12207.17,15863.98
2008-02-01,2413.36,1395.42,12743.19,16551.97
2008-02-08,2304.85,1331.29,12182.13,15818.269999999999
2008-02-15,2321.8,1349.99,12348.21,16020.0
2008-02-22,2303.35,1353.11,12381.02,16037.48
2008-02-29,2271.48,1330.63,12266.39,15868.5
2008-03-07,2212.49,1293.37,11893.69,15399.55
2008-03-14,2212.49,1288.14,11951.09,15451.720000000001
2008-03-20,2258.11,1329.51,12361.32,15948.939999999999
2008-03-28,2261.18,1315.22,12216.4,15792.8
2008-04-04,2370.98,1370.4,12609.42,16350.8
2008-04-11,2290.24,1332.83,12325.42,15948.49
2008-04-18,2402.97,1390.33,12849.36,16642.66
2008-04-25,2422.93,1397.84,12891.86,16712.63
2008-05-02,2476.99,1413.9,13058.2,16949.09
2008-05-09,2445.52,1388.28,12745.88,16579.68
2008-05-16,2528.85,1425.35,12986.8,16941.0
2008-05-23,2444.67,1375.93,12479.63,16300.23
2008-05-30,2522.66,1400.38,12638.32,16561.36
2008-06-06,2474.56,1360.68,12209.81,16045.05
2008-06-13,2454.5,1357.5,12307.35,16119.35
2008-06-20,2406.09,1317.93,11842.69,15566.710000000001
2008-06-27,2315.63,1278.38,11346.51,14940.52
2008-07-03,2245.38,1262.9,11288.54,14796.820000000002
2008-07-11,2239.08,1239.49,11100.54,14579.11
2008-07-18,2282.78,1260.68,11496.57,15040.029999999999
2008-07-25,2310.53,1257.76,11370.69,14938.98
2008-08-01,2310.96,1260.31,11326.32,14897.59
2008-08-08,2414.1,1296.31,11734.32,15444.73
2008-08-15,2452.52,1298.19,11659.9,15410.61
2008-08-22,2414.71,1292.19,11628.06,15334.96
2008-08-29,2367.52,1282.82,11543.55,15193.89
2008-09-05,2255.88,1242.31,11220.96,14719.15
2008-09-12,2261.27,1251.69,11421.99,14934.95
2008-09-19,2273.9,1255.07,11388.44,14917.41
2008-09-26,2183.34,1213.27,11143.13,14539.74
2008-10-03,1947.39,1099.23,10325.38,13372.0
2008-10-10,1649.51,899.22,8451.19,10999.92
2008-10-17,1711.29,940.55,8852.22,11504.06
2008-10-24,1552.03,876.77,8378.95,10807.75
2008-10-31,1720.95,968.75,9325.01,12014.71
2008-11-07,1647.4,930.99,8943.81,11522.2
2008-11-14,1516.85,873.29,8497.31,10887.449999999999
2008-11-21,1384.35,800.03,8046.42,10230.8
2008-11-28,1535.57,896.24,8829.04,11260.85
2008-12-05,1509.31,876.07,8635.42,11020.8
2008-12-12,1540.72,879.73,8629.68,11050.130000000001
2008-12-19,1564.32,887.88,8579.11,11031.310000000001
2008-12-26,1530.24,872.8,8515.55,10918.59
2009-01-02,1632.21,931.8,9034.69,11598.7
2009-01-09,1571.59,890.35,8599.18,11061.12
2009-01-16,1529.33,850.12,8281.22,10660.669999999998
2009-01-23,1477.29,831.95,8077.56,10386.8
2009-01-30,1476.42,825.88,8000.86,10303.16
2009-02-06,1591.71,868.6,8280.59,10740.9
2009-02-13,1534.36,826.84,7850.41,10211.61
2009-02-20,1441.23,770.05,7365.67,9576.95
2009-02-27,1377.84,735.09,7062.93,9175.86
2009-03-06,1293.85,683.38,6626.94,8604.17
2009-03-13,1431.5,756.55,7223.98,9412.029999999999
2009-03-20,1457.27,768.54,7278.38,9504.19
2009-03-27,1545.2,815.94,7776.18,10137.32
2009-04-03,1621.87,842.5,8017.59,10481.96
2009-04-17,1673.07,869.6,8131.33,10674.0
2009-04-24,1694.29,866.23,8076.29,10636.81
2009-05-01,1719.2,877.52,8212.41,10809.130000000001
2009-05-08,1739.0,929.23,8574.65,11242.88
2009-05-15,1680.14,882.88,8268.64,10831.66
2009-05-22,1692.01,887.0,8277.32,10856.33
2009-05-29,1774.33,919.14,8500.33,11193.8
2009-06-05,1849.42,940.09,8763.13,11552.64
2009-06-12,1858.8,946.21,8799.26,11604.27
2009-06-19,1827.47,921.23,8539.73,11288.43
2009-06-26,1838.22,918.9,8438.39,11195.509999999998
2009-07-10,1756.03,879.13,8146.52,10781.68
2009-07-17,1886.61,940.38,8743.94,11570.93
2009-07-24,1965.96,979.26,9093.24,12038.46
2009-07-31,1978.5,987.48,9171.61,12137.59
2009-08-07,2000.25,1010.48,9370.07,12380.8
2009-08-14,1985.52,1004.09,9321.4,12311.01
2009-08-21,2020.9,1026.13,9505.96,12552.99
2009-08-28,2028.77,1028.93,9544.2,12601.900000000001
2009-09-04,2018.78,1016.4,9441.27,12476.45
2009-09-11,2080.9,1042.73,9605.41,12729.04
2009-09-18,2132.86,1068.3,9820.2,13021.36
2009-09-25,2090.92,1044.38,9665.19,12800.490000000002
2009-10-02,2048.11,1025.21,9487.67,12560.99
2009-10-09,2139.28,1071.49,9864.94,13075.710000000001
2009-10-16,2156.8,1087.68,9995.91,13240.39
2009-10-23,2154.47,1079.6,9972.18,13206.25
2009-10-30,2045.11,1036.18,9712.73,12794.02
2009-11-06,2112.44,1069.3,10023.42,13205.16
2009-11-13,2167.88,1093.48,10270.47,13531.83
2009-11-20,2146.04,1091.38,10318.16,13555.58
2009-11-27,2138.44,1091.49,10309.92,13539.85
2009-12-04,2194.35,1105.98,10388.9,13689.23
2009-12-11,2190.31,1106.41,10471.5,13768.220000000001
2009-12-18,2211.69,1102.47,10328.89,13643.05
2010-01-08,2317.17,1144.98,10618.19,14080.34
2010-01-15,2287.99,1136.03,10609.65,14033.669999999998
2010-01-22,2205.29,1091.76,10172.98,13470.029999999999
2010-01-29,2147.35,1073.87,10067.33,13288.55
2010-02-05,2141.12,1066.18,10012.23,13219.529999999999
2010-02-12,2183.53,1075.51,10099.14,13358.18
2010-02-19,2243.87,1109.17,10402.35,13755.39
2010-02-26,2238.26,1104.49,10325.26,13668.01
2010-03-05,2326.35,1138.69,10566.2,14031.240000000002
2010-03-12,2367.66,1149.99,10624.69,14142.34
2010-03-19,2374.41,1159.9,10741.98,14276.289999999999
2010-03-26,2395.13,1166.59,10850.36,14412.080000000002
2010-04-09,2454.05,1194.37,10997.35,14645.77
2010-04-16,2481.26,1192.13,11018.66,14692.05
2010-04-23,2530.15,1217.28,11204.28,14951.710000000001
2010-04-30,2461.19,1186.68,11008.61,14656.48
2010-05-07,2265.64,1110.88,10380.43,13756.95
2010-05-14,2346.85,1135.68,10620.16,14102.689999999999
2010-05-21,2229.04,1087.69,10193.39,13510.119999999999
2010-05-28,2257.04,1089.41,10136.63,13483.079999999998
2010-06-04,2219.17,1064.88,9931.97,13216.02
2010-06-11,2243.6,1091.6,10211.07,13546.27
2010-06-18,2309.8,1117.51,10450.64,13877.95
2010-06-25,2223.48,1076.76,10143.81,13444.05
2010-07-02,2091.79,1022.58,9686.48,12800.849999999999
2010-07-09,2196.45,1077.96,10198.03,13472.44
2010-07-16,2179.05,1064.88,10097.9,13341.83
2010-07-23,2269.47,1102.66,10424.62,13796.75
2010-07-30,2254.7,1101.6,10465.94,13822.24
2010-08-06,2288.47,1121.64,10653.56,14063.669999999998
2010-08-13,2173.48,1079.25,10303.15,13555.88
2010-08-20,2179.76,1071.69,10213.62,13465.070000000002
2010-08-27,2153.63,1064.59,10150.65,13368.869999999999
2010-09-03,2233.75,1104.51,10447.93,13786.19
2010-09-10,2242.48,1109.55,10462.77,13814.8
2010-09-17,2315.61,1125.59,10607.85,14049.05
2010-09-24,2381.22,1148.67,10860.26,14390.15
2010-10-01,2370.75,1146.24,10829.68,14346.67
2010-10-08,2401.91,1165.15,11006.48,14573.539999999999
2010-10-15,2468.77,1176.19,11062.78,14707.740000000002
2010-10-22,2479.39,1183.08,11132.56,14795.029999999999
2010-10-29,2507.41,1183.26,11118.49,14809.16
2010-11-05,2578.98,1225.85,11444.08,15248.91
2010-11-12,2518.21,1199.21,11192.58,14910.0
2010-11-19,2518.12,1199.73,11203.55,14921.4
2010-11-26,2534.56,1189.4,11092.0,14815.96
2010-12-03,2591.46,1224.71,11382.09,15198.26
2010-12-10,2637.54,1240.4,11410.32,15288.26
2010-12-17,2642.97,1243.91,11491.91,15378.79
2010-12-23,2665.6,1256.77,11573.49,15495.86
2010-12-31,2652.87,1257.64,11577.51,15488.02
2011-01-07,2703.17,1271.5,11674.76,15649.43
2011-01-14,2755.3,1293.24,11787.38,15835.919999999998
2011-01-21,2689.54,1283.35,11871.84,15844.73
2011-01-28,2686.89,1276.34,11823.7,15786.93
2011-02-04,2769.3,1310.87,12092.15,16172.32
2011-02-11,2809.44,1329.15,12273.26,16411.85
2011-02-18,2833.95,1343.01,12391.25,16568.21
2011-02-25,2781.05,1319.88,12130.45,16231.380000000001
2011-03-04,2784.67,1321.15,12169.88,16275.699999999999
2011-03-11,2715.61,1304.28,12044.4,16064.29
2011-03-18,2643.67,1279.2,11858.52,15781.39
2011-03-25,2743.06,1313.8,12220.59,16277.45
2011-04-01,2789.6,1332.41,12376.72,16498.73
2011-04-08,2780.41,1328.17,12380.05,16488.629999999997
2011-04-15,2764.65,1319.68,12341.83,16426.16
2011-04-21,2820.16,1337.38,12505.99,16663.53
2011-04-29,2873.54,1363.61,12810.54,17047.690000000002
2011-05-06,2827.56,1340.2,12638.74,16806.5
2011-05-13,2828.47,1337.77,12595.75,16761.989999999998
2011-05-20,2803.32,1333.27,12512.04,16648.63
2011-05-27,2796.86,1331.1,12441.58,16569.54
2011-06-03,2732.78,1300.16,12151.26,16184.2
2011-06-10,2643.73,1270.98,11951.91,15866.619999999999
2011-06-17,2616.48,1271.5,12004.36,15892.34
2011-06-24,2652.89,1268.45,11934.58,15855.92
2011-07-01,2816.03,1339.67,12582.77,16738.47
2011-07-08,2859.81,1343.8,12657.2,16860.81
2011-07-15,2789.8,1316.14,12479.73,16585.67
2011-07-22,2858.83,1345.02,12681.16,16885.010000000002
2011-07-29,2756.38,1292.28,12143.24,16191.9
2011-08-05,2532.41,1199.38,11444.61,15176.400000000001
2011-08-12,2507.98,1178.81,11269.02,14955.810000000001
2011-08-19,2341.84,1123.53,10817.65,14283.02
2011-08-26,2479.85,1176.8,11284.54,14941.19
2011-09-02,2480.33,1173.97,11240.26,14894.560000000001
2011-09-09,2467.99,1154.23,10992.13,14614.349999999999
2011-09-16,2622.31,1216.01,11509.09,15347.41
2011-09-23,2483.23,1136.43,10771.48,14391.14
2011-09-30,2415.4,1131.42,10913.38,14460.199999999999
2011-10-07,2479.35,1155.46,11103.12,14737.93
2011-10-14,2667.85,1224.58,11644.49,15536.92
2011-10-21,2637.46,1238.25,11808.79,15684.5
2011-10-28,2737.15,1285.08,12231.11,16253.34
2011-11-04,2686.15,1253.23,11983.24,15922.619999999999
2011-11-11,2678.75,1263.85,12153.68,16096.28
2011-11-18,2572.5,1215.65,11796.16,15584.31
2011-11-25,2441.51,1158.67,11231.78,14831.960000000001
2011-12-02,2626.93,1244.28,12019.42,15890.630000000001
2011-12-09,2646.85,1255.19,12184.26,16086.3
2011-12-16,2555.33,1219.66,11866.39,15641.38
2011-12-23,2618.64,1265.33,12294.0,16177.97
2011-12-30,2605.15,1257.6,12217.56,16080.31
2012-01-06,2674.22,1277.81,12359.92,16311.95
2012-01-13,2710.67,1289.09,12422.06,16421.82
2012-01-20,2786.7,1315.38,12720.48,16822.559999999998
2012-01-27,2816.55,1316.33,12660.46,16793.34
2012-02-03,2905.66,1344.9,12862.23,17112.79
2012-02-10,2903.88,1342.64,12801.23,17047.75
2012-02-17,2951.78,1361.23,12949.87,17262.88
2012-02-24,2963.75,1365.74,12982.95,17312.440000000002
2012-03-02,2976.19,1369.63,12977.57,17323.39
2012-03-09,2988.34,1370.87,12922.02,17281.23
2012-03-16,3055.26,1404.17,13232.62,17692.050000000003
2012-03-23,3067.92,1397.11,13080.73,17545.76
2012-03-30,3091.57,1408.47,13212.04,17712.08
2012-04-05,3080.5,1398.08,13060.14,17538.72
2012-04-13,3011.33,1370.26,12849.59,17231.18
2012-04-20,3000.45,1378.53,13029.26,17408.239999999998
2012-04-27,3069.2,1403.36,13228.31,17700.87
2012-05-04,2956.34,1369.1,13038.27,17363.71
2012-05-11,2933.82,1353.39,12820.6,17107.81
2012-05-18,2778.79,1295.22,12369.38,16443.39
2012-05-25,2837.53,1317.82,12454.83,16610.18
2012-06-01,2747.48,1278.04,12118.57,16144.09
2012-06-08,2858.42,1325.66,12554.2,16738.28
2012-06-15,2872.8,1342.84,12767.17,16982.81
2012-06-22,2892.42,1335.02,12640.78,16868.22
2012-06-29,2935.05,1362.16,12880.09,17177.3
2012-07-06,2937.33,1354.68,12772.47,17064.48
2012-07-13,2908.47,1356.78,12777.09,17042.34
2012-07-20,2925.3,1362.66,12822.57,17110.53
2012-07-27,2958.09,1385.97,13075.66,17419.72
2012-08-03,2967.9,1390.99,13096.17,17455.06
2012-08-10,3020.86,1405.87,13207.95,17634.68
2012-08-17,3076.59,1418.16,13275.2,17769.95
2012-08-24,3069.79,1411.13,13157.97,17638.89
2012-08-31,3066.96,1406.58,13090.84,17564.38
2012-09-07,3136.42,1437.92,13306.64,17880.98
2012-09-14,3183.95,1465.77,13593.37,18243.09
2012-09-21,3179.96,1460.15,13579.47,18219.58
2012-09-28,3116.23,1440.67,13437.13,17994.03
2012-10-05,3136.19,1460.93,13610.15,18207.27
2012-10-12,3044.11,1428.59,13328.85,17801.55
2012-10-19,3005.62,1433.19,13343.51,17782.32
2012-10-26,2987.95,1411.94,13107.21,17507.1
2012-11-02,2982.13,1414.2,13093.16,17489.489999999998
2012-11-09,2904.87,1379.85,12815.39,17100.11
2012-11-16,2853.13,1359.88,12588.31,16801.32
2012-11-23,2966.85,1409.15,13009.68,17385.68
2012-11-30,3010.24,1416.18,13025.58,17452.0
2012-12-07,2978.04,1418.07,13155.13,17551.239999999998
2012-12-14,2971.33,1413.58,13135.01,17519.92
2012-12-21,3021.01,1430.15,13190.84,17642.0
2012-12-28,2960.31,1402.43,12938.11,17300.85
2013-01-04,3101.66,1466.47,13435.21,18003.34
2013-01-11,3125.63,1472.05,13488.43,18086.11
2013-01-18,3134.71,1485.98,13649.7,18270.39
2013-01-25,3149.71,1502.96,13895.98,18548.65
2013-02-01,3179.1,1513.17,14009.79,18702.06
2013-02-08,3193.87,1517.93,13992.97,18704.77
2013-02-15,3192.03,1519.79,13981.76,18693.58
2013-02-22,3161.82,1515.6,14000.57,18677.989999999998
2013-03-01,3169.74,1518.2,14089.66,18777.6
2013-03-08,3244.37,1551.18,14397.07,19192.62
2013-03-15,3249.07,1560.7,14514.11,19323.88
2013-03-22,3245.0,1556.89,14512.03,19313.920000000002
2013-03-28,3267.52,1569.19,14578.54,19415.25
2013-04-05,3203.86,1553.28,14565.25,19322.39
2013-04-12,3294.95,1588.85,14865.06,19748.86
2013-04-19,3206.06,1555.25,14547.51,19308.82
2013-04-26,3279.26,1582.24,14712.55,19574.05
2013-05-03,3378.63,1614.42,14973.96,19967.01
2013-05-10,3436.58,1633.7,15118.49,20188.77
2013-05-17,3498.97,1667.47,15354.4,20520.84
2013-05-24,3459.14,1649.6,15303.1,20411.84
2013-05-31,3455.91,1630.74,15115.57,20202.22
2013-06-07,3469.22,1643.38,15248.12,20360.72
2013-06-14,3423.56,1626.73,15070.18,20120.47
2013-06-21,3357.25,1592.43,14799.4,19749.08
2013-06-28,3403.25,1606.28,14909.6,19919.13
2013-07-05,3479.38,1631.89,15135.84,20247.11
2013-07-12,3600.08,1680.19,15464.3,20744.57
2013-07-19,3587.61,1692.09,15543.74,20823.44
2013-07-26,3613.16,1691.65,15558.83,20863.64
2013-08-02,3689.59,1709.67,15658.36,21057.620000000003
2013-08-09,3660.11,1691.42,15425.51,20777.04
2013-08-16,3602.78,1655.83,15081.47,20340.08
2013-08-23,3657.79,1663.5,15010.51,20331.8
2013-08-30,3589.87,1632.97,14810.31,20033.15
2013-09-06,3660.01,1655.17,14922.5,20237.68
2013-09-13,3722.18,1687.99,15376.06,20786.23
2013-09-20,3774.73,1709.91,15451.09,20935.73
2013-09-27,3781.59,1691.75,15258.24,20731.58
2013-10-04,3807.75,1690.5,15072.58,20570.83
2013-10-11,3791.87,1703.2,15237.11,20732.18
2013-10-18,3914.28,1744.5,15399.65,21058.43
2013-10-25,3943.36,1759.77,15570.28,21273.41
2013-11-01,3922.04,1761.64,15615.55,21299.23
2013-11-08,3919.23,1770.61,15761.78,21451.620000000003
2013-11-15,3985.97,1798.18,15961.7,21745.85
2013-11-22,3991.65,1804.76,16064.77,21861.18
2013-11-29,4059.89,1805.81,16086.41,21952.11
2013-12-06,4062.52,1805.09,16020.2,21887.81
2013-12-13,4000.98,1775.32,15755.36,21531.66
2013-12-20,4104.74,1818.32,16221.14,22144.199999999997
2013-12-27,4156.59,1841.4,16478.41,22476.4
2014-01-03,4131.91,1831.37,16469.99,22433.27
2014-01-10,4174.66,1842.37,16437.05,22454.079999999998
2014-01-17,4197.58,1838.7,16458.56,22494.84
2014-01-24,4128.17,1790.29,15879.11,21797.57
2014-01-31,4103.88,1782.59,15698.85,21585.32
2014-02-07,4125.86,1797.02,15794.08,21716.96
2014-02-14,4244.03,1838.63,16154.39,22237.05
2014-02-21,4263.41,1836.25,16103.3,22202.96
2014-02-28,4308.12,1859.45,16321.71,22489.28
2014-03-07,4336.22,1878.04,16452.72,22666.980000000003
2014-03-14,4245.4,1841.13,16065.67,22152.2
2014-03-21,4276.79,1866.52,16302.77,22446.08
2014-03-28,4155.76,1857.62,16323.06,22336.44
2014-04-04,4127.73,1865.09,16412.71,22405.53
2014-04-11,3999.73,1815.69,16026.75,21842.17
2014-04-17,4095.52,1864.85,16408.54,22368.91
2014-04-25,4075.56,1863.4,16361.46,22300.42
2014-05-02,4123.9,1881.14,16512.89,22517.93
2014-05-09,4071.87,1878.48,16583.34,22533.690000000002
2014-05-16,4090.59,1877.86,16491.31,22459.760000000002
2014-05-23,4185.81,1900.53,16606.27,22692.61
2014-05-30,4242.62,1923.57,16717.17,22883.359999999997
2014-06-06,4321.4,1949.44,16924.28,23195.12
2014-06-13,4310.65,1936.16,16775.74,23022.550000000003
2014-06-20,4368.04,1962.87,16947.08,23277.99
2014-06-27,4397.93,1960.96,16851.84,23210.73
2014-07-03,4485.93,1985.44,17068.26,23539.629999999997
2014-07-11,4415.49,1967.57,16943.81,23326.870000000003
2014-07-18,4432.15,1978.22,17100.18,23510.55
2014-07-25,4449.56,1978.34,16960.57,23388.47
2014-08-01,4352.64,1925.15,16493.37,22771.16
2014-08-08,4370.9,1931.59,16553.93,22856.42
2014-08-15,4464.93,1955.06,16662.91,23082.9
2014-08-22,4538.55,1988.4,17001.22,23528.170000000002
2014-08-29,4580.27,2003.37,17098.45,23682.09
2014-09-05,4582.9,2007.71,17137.36,23727.97
2014-09-12,4567.6,1985.54,16987.51,23540.649999999998
2014-09-19,4579.79,2010.4,17279.74,23869.93
2014-09-26,4512.19,1982.85,17113.15,23608.190000000002
2014-10-03,4475.62,1967.9,17009.69,23453.21
2014-10-10,4276.24,1906.13,16544.1,22726.469999999998
2014-10-17,4258.44,1886.76,16380.41,22525.61
2014-10-24,4483.72,1964.58,16805.41,23253.71
2014-10-31,4630.74,2018.05,17390.52,24039.31
2014-11-07,4632.53,2031.92,17573.93,24238.38
2014-11-14,4688.54,2039.82,17634.74,24363.100000000002
2014-11-21,4712.97,2063.5,17810.06,24586.530000000002
2014-11-28,4791.63,2067.56,17828.24,24687.43
2014-12-05,4780.76,2075.37,17958.79,24814.920000000002
2014-12-12,4653.6,2002.33,17280.83,23936.760000000002
2014-12-19,4765.38,2070.65,17804.8,24640.83
2014-12-26,4806.86,2088.77,18053.71,24949.339999999997
2015-01-02,4726.81,2058.2,17832.99,24618.0
2015-01-09,4704.07,2044.81,17737.37,24486.25
2015-01-16,4634.38,2019.42,17511.57,24165.37
2015-01-23,4757.88,2051.82,17672.6,24482.3
2015-01-30,4635.24,1994.99,17164.95,23795.18
2015-02-06,4744.4,2055.47,17824.29,24624.16
2015-02-13,4893.84,2096.99,18019.35,25010.18
2015-02-20,4955.97,2110.3,18140.44,25206.71
2015-02-27,4963.53,2104.5,18132.7,25200.73
2015-03-06,4927.37,2071.26,17856.78,24855.41
2015-03-13,4871.76,2053.4,17749.31,24674.47
2015-03-20,5026.42,2108.1,18127.65,25262.170000000002
2015-03-27,4891.22,2061.02,17712.66,24664.9
2015-04-02,4886.94,2066.96,17763.24,24717.14
2015-04-10,4995.98,2102.06,18057.65,25155.690000000002
2015-04-17,4931.81,2081.18,17826.3,24839.29
2015-04-24,5092.08,2117.69,18080.14,25289.91
2015-05-01,5005.39,2108.29,18024.06,25137.74
2015-05-08,5003.55,2116.1,18191.11,25310.760000000002
2015-05-15,5048.29,2122.73,18272.56,25443.58
2015-05-22,5089.36,2126.06,18232.02,25447.440000000002
2015-05-29,5070.03,2107.39,18010.68,25188.1
2015-06-05,5068.46,2092.83,17849.46,25010.75
2015-06-12,5051.1,2094.11,17898.84,25044.050000000003
2015-06-19,5117.0,2109.99,18015.95,25242.940000000002
2015-06-26,5080.51,2101.49,17946.68,25128.68
2015-07-02,5009.21,2076.78,17730.11,24816.1
2015-07-10,4997.7,2076.62,17760.41,24834.73
2015-07-17,5210.14,2126.64,18086.45,25423.230000000003
2015-07-24,5088.63,2079.65,17568.53,24736.809999999998
2015-07-31,5128.28,2103.84,17689.86,24921.98
2015-08-07,5043.54,2077.57,17373.38,24494.49
2015-08-14,5048.24,2091.54,17477.4,24617.18
2015-08-21,4706.04,1970.89,16459.75,23136.68
2015-08-28,4828.32,1988.87,16643.01,23460.199999999997
2015-09-04,4683.92,1921.22,16102.38,22707.52
2015-09-11,4822.34,1961.05,16433.09,23216.48
2015-09-18,4827.23,1958.08,16384.79,23170.1
2015-09-25,4686.5,1931.34,16314.67,22932.510000000002
2015-10-02,4707.78,1951.36,16472.37,23131.51
2015-10-09,4830.47,2014.89,17084.49,23929.850000000002
2015-10-16,4886.69,2033.11,17215.97,24135.77
2015-10-23,5031.86,2075.15,17646.7,24753.71
2015-10-30,5053.75,2079.36,17663.54,24796.65
2015-11-06,5147.12,2099.2,17910.33,25156.65
2015-11-13,4927.88,2023.04,17245.24,24196.160000000003
2015-11-20,5104.92,2089.17,17823.81,25017.9
2015-11-27,5127.52,2090.11,17798.49,25016.120000000003
2015-12-04,5142.27,2091.69,17847.63,25081.590000000004
2015-12-11,4933.47,2012.37,17265.21,24211.05
2015-12-18,4923.08,2005.55,17128.55,24057.18
2015-12-24,5048.49,2060.99,17552.17,24661.649999999998
2015-12-31,5007.41,2043.94,17425.03,24476.379999999997
2016-01-08,4643.63,1922.03,16346.45,22912.11
2016-01-15,4488.42,1880.29,15988.08,22356.79
2016-01-22,4591.18,1906.9,16093.51,22591.59
2016-01-29,4613.95,1940.24,16466.3,23020.489999999998
2016-02-05,4363.14,1880.02,16204.83,22447.989999999998
2016-02-12,4337.51,1864.78,15973.84,22176.13
2016-02-19,4504.43,1917.78,16391.99,22814.2
2016-02-26,4590.47,1948.05,16639.97,23178.49
2016-03-04,4717.02,1999.99,17006.77,23723.78
2016-03-11,4748.47,2022.19,17213.31,23983.97
2016-03-18,4795.65,2049.56,17602.3,24447.51
2016-03-24,4773.5,2035.94,17515.73,24325.17
2016-04-01,4914.54,2072.78,17792.75,24780.07
2016-04-08,4850.69,2047.6,17576.96,24475.25
2016-04-15,4938.22,2080.73,17897.46,24916.41
2016-04-22,4906.23,2091.58,18003.75,25001.559999999998
2016-04-29,4775.36,2065.3,17773.64,24614.3
2016-05-06,4736.16,2057.14,17740.63,24533.93
2016-05-13,4717.68,2046.61,17535.32,24299.61
2016-05-20,4769.56,2052.32,17500.94,24322.82
2016-05-27,4933.5,2099.06,17873.22,24905.78
2016-06-03,4942.52,2099.13,17807.06,24848.710000000003
2016-06-10,4894.55,2096.07,17865.34,24855.96
2016-06-17,4800.34,2071.22,17675.16,24546.72
2016-06-24,4707.98,2037.41,17400.75,24146.14
2016-07-01,4862.57,2102.95,17949.37,24914.89
2016-07-08,4956.76,2129.9,18146.74,25233.4
2016-07-15,5029.59,2161.74,18516.55,25707.879999999997
2016-07-22,5100.16,2175.03,18570.85,25846.04
2016-07-29,5162.13,2173.6,18432.24,25767.97
2016-08-05,5221.12,2182.87,18543.53,25947.519999999997
2016-08-12,5232.89,2184.05,18576.47,25993.410000000003
2016-08-19,5238.38,2183.87,18552.57,25974.82
2016-08-26,5218.92,2169.04,18395.4,25783.36
2016-09-02,5249.9,2179.98,18491.96,25921.839999999997
2016-09-09,5125.91,2127.81,18085.45,25339.17
2016-09-16,5244.57,2139.16,18123.8,25507.53
2016-09-23,5305.75,2164.69,18261.45,25731.89
2016-09-30,5312.0,2168.27,18308.15,25788.420000000002
2016-10-07,5292.4,2153.74,18240.49,25686.63
2016-10-14,5214.16,2132.98,18138.38,25485.52
2016-10-21,5257.4,2141.16,18145.71,25544.269999999997
2016-10-28,5190.1,2126.41,18161.19,25477.699999999997
2016-11-04,5046.37,2085.18,17888.28,25019.829999999998
2016-11-11,5237.11,2164.45,18847.66,26249.22
2016-11-18,5321.51,2181.9,18867.93,26371.34
2016-11-25,5398.92,2213.35,19152.14,26764.41
2016-12-02,5255.65,2191.95,19170.42,26618.019999999997
2016-12-09,5444.5,2259.53,19756.85,27460.879999999997
2016-12-16,5437.16,2258.07,19843.41,27538.64
2016-12-23,5462.69,2263.79,19933.81,27660.29
2016-12-30,5383.12,2238.83,19762.6,27384.55
2017-01-06,5521.06,2276.98,19963.8,27761.84
2017-01-13,5574.12,2274.64,19885.73,27734.489999999998
2017-01-20,5555.33,2271.31,19827.25,27653.89
2017-01-27,5660.78,2294.69,20093.78,28049.25
2017-02-03,5666.77,2297.42,20071.46,28035.65
2017-02-10,5734.13,2316.1,20269.37,28319.6
2017-02-17,5838.58,2351.16,20624.05,28813.79
2017-02-24,5845.31,2367.34,20821.76,29034.41
2017-03-03,5870.75,2383.12,21005.71,29259.579999999998
2017-03-10,5861.73,2372.6,20902.98,29137.309999999998
2017-03-17,5901.0,2378.25,20914.62,29193.87
2017-03-24,5828.74,2343.98,20596.72,28769.440000000002
2017-03-31,5911.74,2362.72,20663.22,28937.68
2017-04-07,5877.81,2355.54,20656.1,28889.449999999997
2017-04-13,5805.15,2328.95,20453.25,28587.35
2017-04-21,5910.52,2348.69,20547.76,28806.97
2017-04-28,6047.61,2384.2,20940.51,29372.32
2017-05-05,6100.76,2399.29,21006.94,29506.989999999998
2017-05-12,6121.23,2390.9,20896.61,29408.739999999998
2017-05-19,6083.7,2381.73,20804.84,29270.27
2017-05-26,6210.19,2415.82,21080.28,29706.29
2017-06-02,6305.8,2439.07,21206.29,29951.160000000003
2017-06-09,6207.92,2431.77,21271.97,29911.660000000003
2017-06-16,6151.76,2433.15,21384.28,29969.19
2017-06-23,6265.25,2438.3,21394.76,30098.309999999998
2017-06-30,6140.42,2423.41,21349.63,29913.46
2017-07-07,6153.08,2425.18,21414.34,29992.6
2017-07-14,6312.47,2459.27,21637.74,30409.480000000003
2017-07-21,6387.75,2472.54,21580.07,30440.36
2017-07-28,6374.68,2472.1,21830.31,30677.090000000004
2017-08-04,6351.56,2476.83,22092.81,30921.2
2017-08-11,6256.56,2441.32,21858.32,30556.2
2017-08-18,6216.53,2425.55,21674.51,30316.589999999997
2017-08-25,6265.64,2443.05,21813.67,30522.36
2017-08-29,6301.8857,2446.3,21865.37,30613.555699999997
